a.zip_code,a.ucr_offense_description,a.est,_c3
75201,AGGRAVATED ASSAULT,2086,20
75201,ANIMAL BITE,2086,2
75201,WEAPONS,2086,1
75201,THEFT,2086,328
75201,SUDDEN DEATH,2086,6
75201,ROBBERY,2086,23
75201,OTHER OFFENSES,2086,17
75201,NARCOTICS/DRUGS,2086,3
75201,MOTOR VEHICLE ACCIDENT,2086,129
75201,LOST PROPERTY,2086,48
75201,LIQUOR,2086,3
75201,HOME ACCIDENT,2086,4
75201,FRAUD,2086,8
75201,FOUND PROPERTY,2086,69
75201,FORGERY & COUNTERFEIT,2086,5
75201,EMBEZZLEMENT,2086,4
75201,DWI,2086,23
75201,DISORDERLY CONDUCT,2086,3
75201,CRIMINAL MISCHIEF/VANDALISM,2086,123
75201,BURGLARY,2086,46
75201,AUTO THEFT - UUMV,2086,78
75201,ASSAULT,2086,119
75201,ACCIDENTAL INJURY,2086,33
75006,FOUND PROPERTY,2044,1
75006,OTHER OFFENSES,2044,1
75080,FOUND PROPERTY,1685,1
75080,ASSAULT,1685,1
75229,MURDER,1669,1
75229,OTHER OFFENSES,1669,21
75229,ROBBERY,1669,54
75229,SUDDEN DEATH,1669,15
75229,THEFT,1669,404
75229,TRAFFIC FATALITY,1669,1
75229,WEAPONS,1669,2
75229,NARCOTICS/DRUGS,1669,5
75229,ACCIDENTAL INJURY,1669,21
75229,AGGRAVATED ASSAULT,1669,18
75229,ANIMAL BITE,1669,2
75229,ARSON,1669,5
75229,ASSAULT,1669,54
75229,AUTO THEFT - UUMV,1669,121
75229,BURGLARY,1669,142
75229,CRIMINAL MISCHIEF/VANDALISM,1669,149
75229,DISORDERLY CONDUCT,1669,8
75229,DWI,1669,9
75229,EMBEZZLEMENT,1669,11
75229,FIREARMS ACCIDENT,1669,1
75229,FORGERY & COUNTERFEIT,1669,6
75229,FOUND PROPERTY,1669,115
75229,FRAUD,1669,13
75229,HOME ACCIDENT,1669,4
75229,LOST PROPERTY,1669,13
75229,MOTOR VEHICLE ACCIDENT,1669,157
75001,MOTOR VEHICLE ACCIDENT,1663,2
75240,SUDDEN DEATH,1634,12
75240,THEFT,1634,394
75240,AGGRAVATED ASSAULT,1634,14
75240,ACCIDENTAL INJURY,1634,17
75240,ASSAULT,1634,46
75240,AUTO THEFT - UUMV,1634,72
75240,BURGLARY,1634,68
75240,ARSON,1634,2
75240,ANIMAL BITE,1634,1
75240,CRIMINAL MISCHIEF/VANDALISM,1634,246
75240,DISORDERLY CONDUCT,1634,7
75240,DWI,1634,14
75240,EMBEZZLEMENT,1634,14
75240,FORGERY & COUNTERFEIT,1634,8
75240,FOUND PROPERTY,1634,77
75240,FRAUD,1634,13
75240,HOME ACCIDENT,1634,3
75240,LOST PROPERTY,1634,20
75240,MOTOR VEHICLE ACCIDENT,1634,162
75240,MURDER,1634,1
75240,NARCOTICS/DRUGS,1634,4
75240,OTHER OFFENSES,1634,15
75240,ROBBERY,1634,26
75225,ASSAULT,1624,6
75225,AUTO THEFT - UUMV,1624,23
75225,WEAPONS,1624,1
75225,THEFT,1624,263
75225,SUDDEN DEATH,1624,13
75225,ROBBERY,1624,7
75225,OTHER OFFENSES,1624,6
75225,MOTOR VEHICLE ACCIDENT,1624,50
75225,LOST PROPERTY,1624,9
75225,FRAUD,1624,14
75225,FOUND PROPERTY,1624,21
75225,FORGERY & COUNTERFEIT,1624,2
75225,EMBEZZLEMENT,1624,14
75225,DWI,1624,4
75225,DISORDERLY CONDUCT,1624,2
75225,CRIMINAL MISCHIEF/VANDALISM,1624,42
75225,BURGLARY,1624,20
75225,ACCIDENTAL INJURY,1624,3
75225,AGGRAVATED ASSAULT,1624,2
75206,ANIMAL BITE,1554,6
75206,AGGRAVATED ASSAULT,1554,17
75206,ACCIDENTAL INJURY,1554,25
75206,WEAPONS,1554,1
75206,THEFT,1554,515
75206,SUDDEN DEATH,1554,13
75206,ROBBERY,1554,48
75206,OTHER OFFENSES,1554,30
75206,NARCOTICS/DRUGS,1554,2
75206,MURDER,1554,1
75206,MOTOR VEHICLE ACCIDENT,1554,180
75206,LOST PROPERTY,1554,11
75206,HOME ACCIDENT,1554,10
75206,FRAUD,1554,16
75206,FOUND PROPERTY,1554,84
75206,FORGERY & COUNTERFEIT,1554,18
75206,EMBEZZLEMENT,1554,7
75206,DWI,1554,10
75206,DISORDERLY CONDUCT,1554,3
75206,CRIMINAL MISCHIEF/VANDALISM,1554,165
75206,CHILD (OFFENSES AGAINST),1554,1
75206,BURGLARY,1554,121
75206,AUTO THEFT - UUMV,1554,95
75206,ASSAULT,1554,51
75206,ARSON,1554,3
75243,SUDDEN DEATH,1540,23
75243,TRAFFIC FATALITY,1540,5
75243,WEAPONS,1540,2
75243,THEFT,1540,570
75243,ACCIDENTAL INJURY,1540,34
75243,AGGRAVATED ASSAULT,1540,41
75243,ANIMAL BITE,1540,3
75243,ARSON,1540,5
75243,ASSAULT,1540,119
75243,AUTO THEFT - UUMV,1540,167
75243,BURGLARY,1540,276
75243,CHILD (OFFENSES AGAINST),1540,4
75243,CRIMINAL MISCHIEF/VANDALISM,1540,498
75243,DISORDERLY CONDUCT,1540,28
75243,DWI,1540,16
75243,EMBEZZLEMENT,1540,16
75243,FIREARMS ACCIDENT,1540,6
75243,FORGERY & COUNTERFEIT,1540,24
75243,FOUND PROPERTY,1540,180
75243,FRAUD,1540,47
75243,HOME ACCIDENT,1540,16
75243,LIQUOR,1540,2
75243,LOST PROPERTY,1540,27
75243,MOTOR VEHICLE ACCIDENT,1540,237
75243,MURDER,1540,4
75243,NARCOTICS/DRUGS,1540,12
75243,OTHER OFFENSES,1540,56
75243,ROBBERY,1540,130
75231,FORGERY & COUNTERFEIT,1494,12
75231,EMBEZZLEMENT,1494,14
75231,DWI,1494,18
75231,DISORDERLY CONDUCT,1494,20
75231,ROBBERY,1494,92
75231,SUDDEN DEATH,1494,23
75231,THEFT,1494,495
75231,TRAFFIC FATALITY,1494,4
75231,WEAPONS,1494,3
75231,FIREARMS ACCIDENT,1494,2
75231,CHILD (OFFENSES AGAINST),1494,1
75231,BURGLARY,1494,197
75231,AUTO THEFT - UUMV,1494,113
75231,ASSAULT,1494,90
75231,ARSON,1494,1
75231,ANIMAL BITE,1494,6
75231,AGGRAVATED ASSAULT,1494,28
75231,ACCIDENTAL INJURY,1494,26
75231,CRIMINAL MISCHIEF/VANDALISM,1494,388
75231,OTHER OFFENSES,1494,37
75231,OCCUPATIONAL ACCIDENT,1494,2
75231,NARCOTICS/DRUGS,1494,4
75231,MURDER,1494,2
75231,MOTOR VEHICLE ACCIDENT,1494,122
75231,LOST PROPERTY,1494,16
75231,HOME ACCIDENT,1494,13
75231,FRAUD,1494,24
75231,FOUND PROPERTY,1494,99
75234,ASSAULT,1484,7
75234,AUTO THEFT - UUMV,1484,10
75234,BURGLARY,1484,10
75234,CRIMINAL MISCHIEF/VANDALISM,1484,12
75234,DISORDERLY CONDUCT,1484,1
75234,EMBEZZLEMENT,1484,1
75234,FORGERY & COUNTERFEIT,1484,2
75234,FOUND PROPERTY,1484,26
75234,LOST PROPERTY,1484,1
75234,MOTOR VEHICLE ACCIDENT,1484,35
75234,OTHER OFFENSES,1484,2
75234,THEFT,1484,35
75234,SUDDEN DEATH,1484,1
75234,ROBBERY,1484,7
75234,ACCIDENTAL INJURY,1484,1
75234,AGGRAVATED ASSAULT,1484,2
75075,FIREARMS ACCIDENT,1459,1
75219,ASSAULT,1361,58
75219,AUTO THEFT - UUMV,1361,69
75219,BURGLARY,1361,92
75219,CHILD (OFFENSES AGAINST),1361,2
75219,CRIMINAL MISCHIEF/VANDALISM,1361,124
75219,DISORDERLY CONDUCT,1361,12
75219,DWI,1361,24
75219,EMBEZZLEMENT,1361,5
75219,FIREARMS ACCIDENT,1361,4
75219,FORGERY & COUNTERFEIT,1361,3
75219,FRAUD,1361,7
75219,HOME ACCIDENT,1361,5
75219,LIQUOR,1361,2
75219,LOST PROPERTY,1361,11
75219,MOTOR VEHICLE ACCIDENT,1361,119
75219,MURDER,1361,1
75219,NARCOTICS/DRUGS,1361,2
75219,OTHER OFFENSES,1361,19
75219,ROBBERY,1361,41
75219,SUDDEN DEATH,1361,12
75219,THEFT,1361,322
75219,WEAPONS,1361,1
75219,FOUND PROPERTY,1361,44
75219,ACCIDENTAL INJURY,1361,29
75219,AGGRAVATED ASSAULT,1361,10
75219,ANIMAL BITE,1361,2
75219,ARSON,1361,1
75150,FRAUD,1265,1
75150,AGGRAVATED ASSAULT,1265,1
75230,BURGLARY,1254,46
75230,AUTO THEFT - UUMV,1254,23
75230,ASSAULT,1254,16
75230,AGGRAVATED ASSAULT,1254,2
75230,ACCIDENTAL INJURY,1254,4
75230,WEAPONS,1254,1
75230,THEFT,1254,149
75230,SUDDEN DEATH,1254,16
75230,ROBBERY,1254,7
75230,OTHER OFFENSES,1254,3
75230,OCCUPATIONAL ACCIDENT,1254,1
75230,NARCOTICS/DRUGS,1254,1
75230,MOTOR VEHICLE ACCIDENT,1254,36
75230,LOST PROPERTY,1254,5
75230,HOME ACCIDENT,1254,2
75230,FRAUD,1254,4
75230,FOUND PROPERTY,1254,29
75230,EMBEZZLEMENT,1254,6
75230,DWI,1254,4
75230,DISORDERLY CONDUCT,1254,4
75230,CRIMINAL MISCHIEF/VANDALISM,1254,69
75230,CHILD (OFFENSES AGAINST),1254,3
75220,OTHER OFFENSES,1242,47
75220,OCCUPATIONAL ACCIDENT,1242,2
75220,NARCOTICS/DRUGS,1242,10
75220,MURDER,1242,4
75220,MOTOR VEHICLE ACCIDENT,1242,305
75220,LOST PROPERTY,1242,29
75220,INTOXICATION MANSLAUGHTER,1242,1
75220,HOME ACCIDENT,1242,16
75220,FRAUD,1242,26
75220,FOUND PROPERTY,1242,227
75220,FORGERY & COUNTERFEIT,1242,11
75220,FIREARMS ACCIDENT,1242,3
75220,EMBEZZLEMENT,1242,15
75220,DWI,1242,34
75220,DISORDERLY CONDUCT,1242,28
75220,CRIMINAL MISCHIEF/VANDALISM,1242,398
75220,CHILD (OFFENSES AGAINST),1242,3
75220,BURGLARY,1242,182
75220,AUTO THEFT - UUMV,1242,293
75220,ASSAULT,1242,95
75220,ARSON,1242,4
75220,ANIMAL BITE,1242,3
75220,AGGRAVATED ASSAULT,1242,55
75220,ACCIDENTAL INJURY,1242,68
75220,WEAPONS,1242,3
75220,TRAFFIC FATALITY,1242,2
75220,THEFT,1242,616
75220,SUDDEN DEATH,1242,20
75220,ROBBERY,1242,164
75204,WEAPONS,1221,1
75204,ACCIDENTAL INJURY,1221,30
75204,AGGRAVATED ASSAULT,1221,23
75204,ARSON,1221,4
75204,ASSAULT,1221,107
75204,TRAFFIC FATALITY,1221,3
75204,THEFT,1221,661
75204,SUDDEN DEATH,1221,9
75204,ROBBERY,1221,56
75204,OTHER OFFENSES,1221,37
75204,NARCOTICS/DRUGS,1221,6
75204,MOTOR VEHICLE ACCIDENT,1221,200
75204,LOST PROPERTY,1221,34
75204,LIQUOR,1221,3
75204,INTOXICATION MANSLAUGHTER,1221,1
75204,HOME ACCIDENT,1221,13
75204,FRAUD,1221,15
75204,FOUND PROPERTY,1221,96
75204,FORGERY & COUNTERFEIT,1221,2
75204,FIREARMS ACCIDENT,1221,1
75204,EMBEZZLEMENT,1221,8
75204,DWI,1221,24
75204,DISORDERLY CONDUCT,1221,10
75204,CRIMINAL MISCHIEF/VANDALISM,1221,217
75204,CHILD (OFFENSES AGAINST),1221,1
75204,BURGLARY,1221,156
75204,AUTO THEFT - UUMV,1221,129
75019,THEFT,1195,2
75019,CRIMINAL MISCHIEF/VANDALISM,1195,2
75019,CHILD (OFFENSES AGAINST),1195,1
75019,BURGLARY,1195,7
75019,ACCIDENTAL INJURY,1195,1
75247,DISORDERLY CONDUCT,1152,6
75247,EMBEZZLEMENT,1152,6
75247,FIREARMS ACCIDENT,1152,1
75247,FORGERY & COUNTERFEIT,1152,8
75247,FOUND PROPERTY,1152,50
75247,FRAUD,1152,7
75247,HOME ACCIDENT,1152,4
75247,LOST PROPERTY,1152,10
75247,MOTOR VEHICLE ACCIDENT,1152,45
75247,NARCOTICS/DRUGS,1152,1
75247,OCCUPATIONAL ACCIDENT,1152,1
75247,OTHER OFFENSES,1152,10
75247,ROBBERY,1152,39
75247,SUDDEN DEATH,1152,3
75247,THEFT,1152,223
75247,TRAFFIC FATALITY,1152,2
75247,BURGLARY,1152,59
75247,AUTO THEFT - UUMV,1152,81
75247,ASSAULT,1152,31
75247,ANIMAL BITE,1152,1
75247,AGGRAVATED ASSAULT,1152,18
75247,ACCIDENTAL INJURY,1152,17
75247,CRIMINAL MISCHIEF/VANDALISM,1152,76
75244,CRIMINAL MISCHIEF/VANDALISM,1134,24
75244,BURGLARY,1134,22
75244,AUTO THEFT - UUMV,1134,13
75244,ASSAULT,1134,3
75244,ACCIDENTAL INJURY,1134,3
75244,THEFT,1134,79
75244,SUDDEN DEATH,1134,7
75244,ROBBERY,1134,7
75244,OTHER OFFENSES,1134,1
75244,NARCOTICS/DRUGS,1134,1
75244,MOTOR VEHICLE ACCIDENT,1134,53
75244,LOST PROPERTY,1134,1
75244,HOME ACCIDENT,1134,1
75244,FRAUD,1134,2
75244,FOUND PROPERTY,1134,40
75244,FIREARMS ACCIDENT,1134,1
75244,EMBEZZLEMENT,1134,1
75244,DWI,1134,1
75205,HOME ACCIDENT,1116,1
75205,FRAUD,1116,2
75205,FOUND PROPERTY,1116,9
75205,CRIMINAL MISCHIEF/VANDALISM,1116,19
75205,DWI,1116,2
75205,DISORDERLY CONDUCT,1116,4
75205,BURGLARY,1116,17
75205,AUTO THEFT - UUMV,1116,4
75205,ASSAULT,1116,5
75205,ACCIDENTAL INJURY,1116,4
75205,CHILD (OFFENSES AGAINST),1116,1
75205,THEFT,1116,55
75205,ROBBERY,1116,2
75205,OTHER OFFENSES,1116,2
75205,MOTOR VEHICLE ACCIDENT,1116,6
75205,LOST PROPERTY,1116,1
75207,DWI,1104,8
75207,ARSON,1104,1
75207,ANIMAL BITE,1104,1
75207,AGGRAVATED ASSAULT,1104,4
75207,ACCIDENTAL INJURY,1104,18
75207,DISORDERLY CONDUCT,1104,2
75207,CRIMINAL MISCHIEF/VANDALISM,1104,66
75207,BURGLARY,1104,37
75207,SUDDEN DEATH,1104,2
75207,EMBEZZLEMENT,1104,8
75207,FORGERY & COUNTERFEIT,1104,4
75207,AUTO THEFT - UUMV,1104,52
75207,ROBBERY,1104,10
75207,MOTOR VEHICLE ACCIDENT,1104,64
75207,LOST PROPERTY,1104,11
75207,HOME ACCIDENT,1104,2
75207,FRAUD,1104,7
75207,FOUND PROPERTY,1104,52
75207,ASSAULT,1104,17
75207,THEFT,1104,230
75207,OTHER OFFENSES,1104,7
75207,NARCOTICS/DRUGS,1104,1
75248,EMBEZZLEMENT,1098,3
75248,FIREARMS ACCIDENT,1098,1
75248,FORGERY & COUNTERFEIT,1098,3
75248,FOUND PROPERTY,1098,29
75248,FRAUD,1098,5
75248,HOME ACCIDENT,1098,6
75248,LOST PROPERTY,1098,15
75248,MOTOR VEHICLE ACCIDENT,1098,42
75248,OTHER OFFENSES,1098,4
75248,ROBBERY,1098,5
75248,SUDDEN DEATH,1098,18
75248,THEFT,1098,210
75248,TRAFFIC FATALITY,1098,2
75248,ACCIDENTAL INJURY,1098,3
75248,ANIMAL BITE,1098,1
75248,ASSAULT,1098,12
75248,AUTO THEFT - UUMV,1098,23
75248,BURGLARY,1098,46
75248,CHILD (OFFENSES AGAINST),1098,3
75248,CRIMINAL MISCHIEF/VANDALISM,1098,73
75248,DISORDERLY CONDUCT,1098,8
75248,DWI,1098,3
75007,MOTOR VEHICLE ACCIDENT,1042,1
75007,CRIMINAL MISCHIEF/VANDALISM,1042,1
75254,ASSAULT,1029,19
75254,AUTO THEFT - UUMV,1029,45
75254,BURGLARY,1029,70
75254,INTOXICATION MANSLAUGHTER,1029,1
75254,HOME ACCIDENT,1029,6
75254,CHILD (OFFENSES AGAINST),1029,1
75254,CRIMINAL MISCHIEF/VANDALISM,1029,123
75254,DISORDERLY CONDUCT,1029,8
75254,DWI,1029,6
75254,EMBEZZLEMENT,1029,3
75254,FIREARMS ACCIDENT,1029,1
75254,FORGERY & COUNTERFEIT,1029,3
75254,FOUND PROPERTY,1029,25
75254,FRAUD,1029,6
75254,LOST PROPERTY,1029,9
75254,SUDDEN DEATH,1029,13
75254,ROBBERY,1029,14
75254,OTHER OFFENSES,1029,7
75254,NARCOTICS/DRUGS,1029,3
75254,MOTOR VEHICLE ACCIDENT,1029,43
75254,THEFT,1029,168
75254,ACCIDENTAL INJURY,1029,4
75254,AGGRAVATED ASSAULT,1029,6
75040,BURGLARY,937,1
75238,BURGLARY,859,104
75238,AUTO THEFT - UUMV,859,88
75238,ASSAULT,859,23
75238,ARSON,859,1
75238,AGGRAVATED ASSAULT,859,17
75238,ACCIDENTAL INJURY,859,9
75238,ROBBERY,859,62
75238,SUDDEN DEATH,859,12
75238,THEFT,859,292
75238,TRAFFIC FATALITY,859,2
75052,AUTO THEFT - UUMV,859,1
75052,MOTOR VEHICLE ACCIDENT,859,1
75052,OTHER OFFENSES,859,1
75238,OTHER OFFENSES,859,16
75238,NARCOTICS/DRUGS,859,4
75238,MURDER,859,1
75238,MOTOR VEHICLE ACCIDENT,859,85
75238,LOST PROPERTY,859,13
75238,HOME ACCIDENT,859,8
75238,FRAUD,859,7
75238,FOUND PROPERTY,859,97
75238,FORGERY & COUNTERFEIT,859,10
75238,EMBEZZLEMENT,859,3
75238,DWI,859,12
75238,DISORDERLY CONDUCT,859,12
75238,CRIMINAL MISCHIEF/VANDALISM,859,166
75042,DWI,834,1
75042,ACCIDENTAL INJURY,834,1
75042,THEFT,834,1
75042,MOTOR VEHICLE ACCIDENT,834,1
75042,FOUND PROPERTY,834,1
75252,OTHER OFFENSES,773,6
75252,ROBBERY,773,10
75252,AUTO THEFT - UUMV,773,24
75252,ASSAULT,773,15
75252,AGGRAVATED ASSAULT,773,2
75252,ACCIDENTAL INJURY,773,4
75252,SUDDEN DEATH,773,16
75252,THEFT,773,74
75252,BURGLARY,773,32
75252,CRIMINAL MISCHIEF/VANDALISM,773,72
75252,DISORDERLY CONDUCT,773,5
75252,DWI,773,5
75252,EMBEZZLEMENT,773,4
75252,FORGERY & COUNTERFEIT,773,2
75252,FOUND PROPERTY,773,36
75252,FRAUD,773,6
75252,HOME ACCIDENT,773,4
75252,LOST PROPERTY,773,7
75252,MOTOR VEHICLE ACCIDENT,773,32
75149,ASSAULT,747,1
75149,BURGLARY,747,1
75149,MOTOR VEHICLE ACCIDENT,747,1
75149,FOUND PROPERTY,747,1
75149,ACCIDENTAL INJURY,747,1
75208,LOST PROPERTY,734,10
75208,MOTOR VEHICLE ACCIDENT,734,183
75208,MURDER,734,1
75208,NARCOTICS/DRUGS,734,5
75208,OTHER OFFENSES,734,12
75208,ROBBERY,734,49
75208,SUDDEN DEATH,734,8
75208,THEFT,734,287
75208,ANIMAL BITE,734,6
75208,TRAFFIC FATALITY,734,1
75208,WEAPONS,734,1
75208,AGGRAVATED ASSAULT,734,17
75208,ACCIDENTAL INJURY,734,15
75208,ASSAULT,734,45
75208,AUTO THEFT - UUMV,734,61
75208,BURGLARY,734,141
75208,CRIMINAL MISCHIEF/VANDALISM,734,138
75208,DISORDERLY CONDUCT,734,15
75208,DWI,734,19
75208,EMBEZZLEMENT,734,3
75208,FORGERY & COUNTERFEIT,734,9
75208,FOUND PROPERTY,734,118
75208,FRAUD,734,3
75208,HOME ACCIDENT,734,12
75115,DWI,727,1
75115,MOTOR VEHICLE ACCIDENT,727,2
75115,HOME ACCIDENT,727,1
75228,FOUND PROPERTY,682,206
75228,FIREARMS ACCIDENT,682,4
75228,EMBEZZLEMENT,682,5
75228,DWI,682,12
75228,DISORDERLY CONDUCT,682,34
75228,CRIMINAL MISCHIEF/VANDALISM,682,399
75228,BURGLARY,682,275
75228,AUTO THEFT - UUMV,682,208
75228,ASSAULT,682,102
75228,ARSON,682,7
75228,ANIMAL BITE,682,4
75228,AGGRAVATED ASSAULT,682,43
75228,ACCIDENTAL INJURY,682,38
75228,FORGERY & COUNTERFEIT,682,20
75228,WEAPONS,682,4
75228,TRAFFIC FATALITY,682,2
75228,THEFT,682,587
75228,SUDDEN DEATH,682,38
75228,ROBBERY,682,144
75228,OTHER OFFENSES,682,42
75228,NARCOTICS/DRUGS,682,9
75228,MOTOR VEHICLE ACCIDENT,682,220
75228,LOST PROPERTY,682,20
75228,HOME ACCIDENT,682,27
75228,FRAUD,682,19
75214,CHILD (OFFENSES AGAINST),677,1
75214,CRIMINAL MISCHIEF/VANDALISM,677,101
75214,DISORDERLY CONDUCT,677,9
75214,DWI,677,5
75214,EMBEZZLEMENT,677,5
75214,FORGERY & COUNTERFEIT,677,4
75214,FOUND PROPERTY,677,56
75214,FRAUD,677,5
75214,HOME ACCIDENT,677,10
75214,LOST PROPERTY,677,9
75214,MOTOR VEHICLE ACCIDENT,677,64
75214,ROBBERY,677,13
75214,NARCOTICS/DRUGS,677,1
75214,OTHER OFFENSES,677,15
75214,SUDDEN DEATH,677,13
75214,THEFT,677,233
75214,TRAFFIC FATALITY,677,1
75214,ACCIDENTAL INJURY,677,13
75214,AGGRAVATED ASSAULT,677,2
75214,ANIMAL BITE,677,3
75214,ASSAULT,677,16
75214,AUTO THEFT - UUMV,677,54
75214,BURGLARY,677,86
75235,CRIMINAL MISCHIEF/VANDALISM,669,127
75235,DISORDERLY CONDUCT,669,6
75235,DWI,669,11
75235,EMBEZZLEMENT,669,5
75235,FIREARMS ACCIDENT,669,1
75235,FORGERY & COUNTERFEIT,669,2
75235,FOUND PROPERTY,669,52
75235,FRAUD,669,28
75235,HOME ACCIDENT,669,12
75235,LOST PROPERTY,669,13
75235,MOTOR VEHICLE ACCIDENT,669,69
75235,MURDER,669,3
75235,NARCOTICS/DRUGS,669,3
75235,OCCUPATIONAL ACCIDENT,669,3
75235,OTHER OFFENSES,669,12
75235,ROBBERY,669,40
75235,SUDDEN DEATH,669,14
75235,THEFT,669,193
75235,TRAFFIC FATALITY,669,1
75235,WEAPONS,669,12
75235,ACCIDENTAL INJURY,669,55
75235,AGGRAVATED ASSAULT,669,5
75235,ANIMAL BITE,669,4
75235,ARSON,669,1
75235,ASSAULT,669,31
75235,AUTO THEFT - UUMV,669,86
75235,BURGLARY,669,84
75032,SUDDEN DEATH,654,1
75043,AGGRAVATED ASSAULT,646,1
75043,THEFT,646,1
75043,LOST PROPERTY,646,1
75043,FOUND PROPERTY,646,1
75287,WEAPONS,641,2
75287,ACCIDENTAL INJURY,641,20
75287,AGGRAVATED ASSAULT,641,10
75287,ANIMAL BITE,641,7
75287,ARSON,641,4
75287,ASSAULT,641,42
75287,AUTO THEFT - UUMV,641,98
75287,BURGLARY,641,106
75287,CHILD (OFFENSES AGAINST),641,2
75287,CRIMINAL MISCHIEF/VANDALISM,641,262
75287,DISORDERLY CONDUCT,641,22
75287,DWI,641,7
75287,EMBEZZLEMENT,641,1
75287,FIREARMS ACCIDENT,641,2
75287,FORGERY & COUNTERFEIT,641,6
75287,FOUND PROPERTY,641,33
75287,FRAUD,641,7
75287,HOME ACCIDENT,641,7
75287,LOST PROPERTY,641,11
75287,MOTOR VEHICLE ACCIDENT,641,72
75287,MURDER,641,1
75287,NARCOTICS/DRUGS,641,9
75287,OTHER OFFENSES,641,16
75287,ROBBERY,641,38
75287,SUDDEN DEATH,641,12
75287,THEFT,641,272
75287,TRAFFIC FATALITY,641,1
75202,CRIMINAL MISCHIEF/VANDALISM,621,72
75202,CHILD (OFFENSES AGAINST),621,2
75202,BURGLARY,621,19
75202,AUTO THEFT - UUMV,621,49
75202,ASSAULT,621,62
75202,AGGRAVATED ASSAULT,621,5
75202,ACCIDENTAL INJURY,621,19
75202,THEFT,621,250
75202,EMBEZZLEMENT,621,9
75202,FORGERY & COUNTERFEIT,621,4
75202,FOUND PROPERTY,621,47
75202,FRAUD,621,11
75202,HOME ACCIDENT,621,1
75202,LOST PROPERTY,621,29
75202,MOTOR VEHICLE ACCIDENT,621,45
75202,NARCOTICS/DRUGS,621,5
75202,OTHER OFFENSES,621,10
75202,ROBBERY,621,19
75202,SUDDEN DEATH,621,6
75202,DWI,621,9
75202,DISORDERLY CONDUCT,621,1
75218,OCCUPATIONAL ACCIDENT,601,2
75218,MOTOR VEHICLE ACCIDENT,601,69
75218,LOST PROPERTY,601,9
75218,HOME ACCIDENT,601,12
75218,FRAUD,601,4
75218,FOUND PROPERTY,601,34
75218,FORGERY & COUNTERFEIT,601,7
75218,FIREARMS ACCIDENT,601,2
75218,NARCOTICS/DRUGS,601,6
75218,ACCIDENTAL INJURY,601,7
75218,AGGRAVATED ASSAULT,601,6
75218,ANIMAL BITE,601,5
75218,ASSAULT,601,17
75218,AUTO THEFT - UUMV,601,39
75218,BURGLARY,601,81
75218,CRIMINAL MISCHIEF/VANDALISM,601,87
75218,DISORDERLY CONDUCT,601,5
75218,DWI,601,9
75218,EMBEZZLEMENT,601,4
75218,THEFT,601,220
75218,SUDDEN DEATH,601,9
75218,ROBBERY,601,26
75218,OTHER OFFENSES,601,11
75088,THEFT,582,2
75088,CRIMINAL MISCHIEF/VANDALISM,582,4
75088,FOUND PROPERTY,582,1
75088,LOST PROPERTY,582,2
75088,SUDDEN DEATH,582,3
75211,FRAUD,570,13
75211,HOME ACCIDENT,570,16
75211,LOST PROPERTY,570,32
75211,MOTOR VEHICLE ACCIDENT,570,267
75211,WEAPONS,570,3
75211,CRIMINAL MISCHIEF/VANDALISM,570,332
75211,TRAFFIC FATALITY,570,6
75211,THEFT,570,577
75211,SUDDEN DEATH,570,25
75211,ROBBERY,570,94
75211,OTHER OFFENSES,570,54
75211,NARCOTICS/DRUGS,570,4
75211,CHILD (OFFENSES AGAINST),570,1
75211,BURGLARY,570,184
75211,AUTO THEFT - UUMV,570,208
75211,ASSAULT,570,69
75211,ARSON,570,8
75211,ANIMAL BITE,570,9
75211,AIRPLANE,570,1
75211,AGGRAVATED ASSAULT,570,34
75211,ACCIDENTAL INJURY,570,25
75211,MURDER,570,1
75211,DISORDERLY CONDUCT,570,33
75211,DWI,570,28
75211,EMBEZZLEMENT,570,10
75211,FORGERY & COUNTERFEIT,570,7
75211,FOUND PROPERTY,570,176
75217,CHILD (OFFENSES AGAINST),565,3
75217,BURGLARY,565,375
75217,AUTO THEFT - UUMV,565,244
75217,ASSAULT,565,162
75217,ARSON,565,8
75217,ANIMAL BITE,565,10
75217,AGGRAVATED ASSAULT,565,62
75217,ACCIDENTAL INJURY,565,64
75217,WEAPONS,565,5
75217,TRAFFIC FATALITY,565,4
75217,THEFT,565,566
75217,SUDDEN DEATH,565,37
75217,ROBBERY,565,127
75217,OTHER OFFENSES,565,60
75217,NARCOTICS/DRUGS,565,20
75217,MURDER,565,7
75217,MOTOR VEHICLE ACCIDENT,565,325
75217,LOST PROPERTY,565,28
75217,HOME ACCIDENT,565,40
75217,FRAUD,565,14
75217,FOUND PROPERTY,565,376
75217,FORGERY & COUNTERFEIT,565,12
75217,FIREARMS ACCIDENT,565,2
75217,EMBEZZLEMENT,565,9
75217,DWI,565,29
75217,DISORDERLY CONDUCT,565,43
75217,CRIMINAL MISCHIEF/VANDALISM,565,468
75051,ASSAULT,540,4
75051,THEFT,540,3
75051,SUDDEN DEATH,540,1
75051,OTHER OFFENSES,540,2
75051,HOME ACCIDENT,540,1
75051,FRAUD,540,1
75051,FOUND PROPERTY,540,1
75051,FIREARMS ACCIDENT,540,1
75051,DISORDERLY CONDUCT,540,2
75051,CRIMINAL MISCHIEF/VANDALISM,540,7
75251,ASSAULT,530,8
75251,AGGRAVATED ASSAULT,530,1
75251,ACCIDENTAL INJURY,530,6
75251,TRAFFIC FATALITY,530,2
75251,THEFT,530,65
75251,SUDDEN DEATH,530,2
75251,ROBBERY,530,4
75251,OTHER OFFENSES,530,6
75251,NARCOTICS/DRUGS,530,1
75251,MURDER,530,1
75251,MOTOR VEHICLE ACCIDENT,530,30
75251,LOST PROPERTY,530,5
75251,HOME ACCIDENT,530,1
75251,FRAUD,530,4
75251,FOUND PROPERTY,530,31
75251,FORGERY & COUNTERFEIT,530,2
75251,FIREARMS ACCIDENT,530,1
75251,EMBEZZLEMENT,530,2
75251,DWI,530,2
75251,DISORDERLY CONDUCT,530,2
75251,CRIMINAL MISCHIEF/VANDALISM,530,24
75251,BURGLARY,530,15
75251,AUTO THEFT - UUMV,530,24
75209,ARSON,520,1
75209,ASSAULT,520,9
75209,AUTO THEFT - UUMV,520,22
75209,BURGLARY,520,47
75209,CRIMINAL MISCHIEF/VANDALISM,520,50
75209,DISORDERLY CONDUCT,520,6
75209,DWI,520,7
75209,FORGERY & COUNTERFEIT,520,1
75209,FOUND PROPERTY,520,26
75209,FRAUD,520,1
75209,HOME ACCIDENT,520,5
75209,WEAPONS,520,1
75209,THEFT,520,169
75209,SUDDEN DEATH,520,7
75209,ROBBERY,520,4
75209,OTHER OFFENSES,520,5
75209,NARCOTICS/DRUGS,520,1
75209,MOTOR VEHICLE ACCIDENT,520,41
75209,LOST PROPERTY,520,2
75209,ACCIDENTAL INJURY,520,6
75209,AGGRAVATED ASSAULT,520,1
75209,ANIMAL BITE,520,1
75060,THEFT,489,1
75237,FIREARMS ACCIDENT,481,1
75237,EMBEZZLEMENT,481,7
75237,DWI,481,8
75237,DISORDERLY CONDUCT,481,16
75237,CRIMINAL MISCHIEF/VANDALISM,481,280
75237,BURGLARY,481,158
75237,AUTO THEFT - UUMV,481,128
75237,ASSAULT,481,86
75237,ARSON,481,2
75237,ACCIDENTAL INJURY,481,21
75237,AGGRAVATED ASSAULT,481,39
75237,WEAPONS,481,1
75237,TRAFFIC FATALITY,481,1
75237,THEFT,481,374
75237,SUDDEN DEATH,481,5
75237,ROBBERY,481,52
75237,OTHER OFFENSES,481,35
75237,OCCUPATIONAL ACCIDENT,481,1
75237,NARCOTICS/DRUGS,481,4
75237,MOTOR VEHICLE ACCIDENT,481,96
75237,LOST PROPERTY,481,22
75237,HOME ACCIDENT,481,10
75237,FRAUD,481,11
75237,FOUND PROPERTY,481,103
75237,FORGERY & COUNTERFEIT,481,20
75227,NARCOTICS/DRUGS,441,10
75227,MOTOR VEHICLE ACCIDENT,441,229
75227,LOST PROPERTY,441,16
75227,LIQUOR,441,1
75227,HOME ACCIDENT,441,22
75227,FRAUD,441,7
75227,FOUND PROPERTY,441,227
75227,FORGERY & COUNTERFEIT,441,9
75227,FIREARMS ACCIDENT,441,2
75227,EMBEZZLEMENT,441,6
75227,DWI,441,27
75227,DISORDERLY CONDUCT,441,28
75227,CRIMINAL MISCHIEF/VANDALISM,441,329
75227,CHILD (OFFENSES AGAINST),441,2
75227,BURGLARY,441,215
75227,AUTO THEFT - UUMV,441,145
75227,ASSAULT,441,80
75227,ARSON,441,6
75227,ANIMAL BITE,441,9
75227,AGGRAVATED ASSAULT,441,43
75227,ACCIDENTAL INJURY,441,23
75227,MURDER,441,1
75227,WEAPONS,441,3
75227,TRAFFIC FATALITY,441,3
75227,THEFT,441,390
75227,SUDDEN DEATH,441,27
75227,ROBBERY,441,69
75227,OTHER OFFENSES,441,46
75212,CHILD (OFFENSES AGAINST),437,2
75212,CRIMINAL MISCHIEF/VANDALISM,437,141
75212,DISORDERLY CONDUCT,437,17
75212,DWI,437,15
75212,EMBEZZLEMENT,437,3
75212,FIREARMS ACCIDENT,437,2
75212,FORGERY & COUNTERFEIT,437,4
75212,FOUND PROPERTY,437,127
75212,FRAUD,437,4
75212,HOME ACCIDENT,437,12
75212,LOST PROPERTY,437,7
75212,MOTOR VEHICLE ACCIDENT,437,130
75212,MURDER,437,2
75212,NARCOTICS/DRUGS,437,5
75212,WEAPONS,437,4
75212,TRAFFIC FATALITY,437,1
75212,THEFT,437,170
75212,SUDDEN DEATH,437,22
75212,ROBBERY,437,32
75212,OTHER OFFENSES,437,21
75212,OCCUPATIONAL ACCIDENT,437,1
75212,ACCIDENTAL INJURY,437,15
75212,AGGRAVATED ASSAULT,437,25
75212,ANIMAL BITE,437,12
75212,ARSON,437,9
75212,ASSAULT,437,55
75212,AUTO THEFT - UUMV,437,77
75212,BURGLARY,437,82
75116,THEFT,430,3
75116,FOUND PROPERTY,430,1
75116,CRIMINAL MISCHIEF/VANDALISM,430,4
75116,BURGLARY,430,1
75116,AUTO THEFT - UUMV,430,1
75116,ASSAULT,430,1
75154,FRAUD,398,1
75226,FORGERY & COUNTERFEIT,389,3
75226,FOUND PROPERTY,389,71
75226,FRAUD,389,3
75226,HOME ACCIDENT,389,1
75226,LOST PROPERTY,389,18
75226,MOTOR VEHICLE ACCIDENT,389,64
75226,OTHER OFFENSES,389,10
75226,ROBBERY,389,26
75226,SUDDEN DEATH,389,2
75226,THEFT,389,144
75226,TRAFFIC FATALITY,389,1
75226,ANIMAL BITE,389,2
75226,ACCIDENTAL INJURY,389,19
75226,AGGRAVATED ASSAULT,389,16
75226,ASSAULT,389,63
75226,AUTO THEFT - UUMV,389,32
75226,BURGLARY,389,14
75226,CHILD (OFFENSES AGAINST),389,1
75226,CRIMINAL MISCHIEF/VANDALISM,389,59
75226,DISORDERLY CONDUCT,389,6
75226,DWI,389,10
75226,FIREARMS ACCIDENT,389,3
75224,FOUND PROPERTY,336,102
75224,HOME ACCIDENT,336,12
75224,LOST PROPERTY,336,11
75224,MOTOR VEHICLE ACCIDENT,336,179
75224,MURDER,336,2
75224,NARCOTICS/DRUGS,336,11
75224,OTHER OFFENSES,336,30
75224,ROBBERY,336,72
75224,SUDDEN DEATH,336,13
75224,THEFT,336,279
75224,TRAFFIC FATALITY,336,4
75224,WEAPONS,336,1
75224,DWI,336,6
75224,DISORDERLY CONDUCT,336,15
75224,CRIMINAL MISCHIEF/VANDALISM,336,183
75224,BURGLARY,336,106
75224,AUTO THEFT - UUMV,336,96
75224,ASSAULT,336,67
75224,ANIMAL BITE,336,3
75224,AGGRAVATED ASSAULT,336,28
75224,ACCIDENTAL INJURY,336,20
75224,FRAUD,336,9
75224,FIREARMS ACCIDENT,336,2
75224,FORGERY & COUNTERFEIT,336,5
75215,AGGRAVATED ASSAULT,315,69
75215,ANIMAL BITE,315,6
75215,FORGERY & COUNTERFEIT,315,14
75215,FOUND PROPERTY,315,186
75215,FRAUD,315,54
75215,HOME ACCIDENT,315,16
75215,LOST PROPERTY,315,29
75215,MOTOR VEHICLE ACCIDENT,315,133
75215,MURDER,315,6
75215,NARCOTICS/DRUGS,315,6
75215,OCCUPATIONAL ACCIDENT,315,1
75215,OTHER OFFENSES,315,40
75215,ROBBERY,315,63
75215,SUDDEN DEATH,315,32
75215,THEFT,315,201
75215,TRAFFIC FATALITY,315,4
75215,WEAPONS,315,2
75215,ARSON,315,8
75215,FIREARMS ACCIDENT,315,4
75215,ASSAULT,315,101
75215,AUTO THEFT - UUMV,315,80
75215,BURGLARY,315,132
75215,CHILD (OFFENSES AGAINST),315,2
75215,CRIMINAL MISCHIEF/VANDALISM,315,171
75215,DISORDERLY CONDUCT,315,15
75215,DWI,315,15
75215,EMBEZZLEMENT,315,7
75215,ACCIDENTAL INJURY,315,40
75137,OTHER OFFENSES,298,1
75216,THEFT,284,451
75216,SUDDEN DEATH,284,40
75216,ROBBERY,284,120
75216,OTHER OFFENSES,284,100
75216,OCCUPATIONAL ACCIDENT,284,3
75216,NARCOTICS/DRUGS,284,10
75216,MURDER,284,3
75216,MOTOR VEHICLE ACCIDENT,284,240
75216,LOST PROPERTY,284,21
75216,HOME ACCIDENT,284,25
75216,FRAUD,284,17
75216,FOUND PROPERTY,284,279
75216,FORGERY & COUNTERFEIT,284,17
75216,FIREARMS ACCIDENT,284,3
75216,EMBEZZLEMENT,284,13
75216,DWI,284,16
75216,ACCIDENTAL INJURY,284,52
75216,AGGRAVATED ASSAULT,284,87
75216,ANIMAL BITE,284,16
75216,ARSON,284,23
75216,ASSAULT,284,168
75216,AUTO THEFT - UUMV,284,189
75216,BURGLARY,284,260
75216,CHILD (OFFENSES AGAINST),284,4
75216,CRIMINAL MISCHIEF/VANDALISM,284,348
75216,DISORDERLY CONDUCT,284,33
75216,WEAPONS,284,3
75216,TRAFFIC FATALITY,284,4
75180,FOUND PROPERTY,278,1
75180,MOTOR VEHICLE ACCIDENT,278,1
75203,BURGLARY,248,100
75203,CHILD (OFFENSES AGAINST),248,1
75203,CRIMINAL MISCHIEF/VANDALISM,248,123
75203,DISORDERLY CONDUCT,248,12
75203,DWI,248,6
75203,FIREARMS ACCIDENT,248,3
75203,FOUND PROPERTY,248,99
75203,FRAUD,248,4
75203,HOME ACCIDENT,248,6
75203,LOST PROPERTY,248,9
75203,MOTOR VEHICLE ACCIDENT,248,84
75203,NARCOTICS/DRUGS,248,5
75203,OTHER OFFENSES,248,22
75203,THEFT,248,179
75203,SUDDEN DEATH,248,11
75203,ROBBERY,248,66
75203,ACCIDENTAL INJURY,248,22
75203,AGGRAVATED ASSAULT,248,26
75203,ANIMAL BITE,248,2
75203,ARSON,248,7
75203,ASSAULT,248,41
75203,AUTO THEFT - UUMV,248,75
75048,FORGERY & COUNTERFEIT,234,1
75246,HOME ACCIDENT,230,2
75246,FOUND PROPERTY,230,7
75246,FORGERY & COUNTERFEIT,230,1
75246,ACCIDENTAL INJURY,230,5
75246,AGGRAVATED ASSAULT,230,6
75246,ANIMAL BITE,230,1
75246,ASSAULT,230,4
75246,AUTO THEFT - UUMV,230,3
75246,BURGLARY,230,6
75246,CRIMINAL MISCHIEF/VANDALISM,230,16
75246,DISORDERLY CONDUCT,230,2
75246,DWI,230,2
75246,FIREARMS ACCIDENT,230,3
75246,THEFT,230,35
75246,SUDDEN DEATH,230,1
75246,ROBBERY,230,10
75246,OTHER OFFENSES,230,5
75246,NARCOTICS/DRUGS,230,1
75246,MOTOR VEHICLE ACCIDENT,230,14
75246,LOST PROPERTY,230,1
75159,CHILD (OFFENSES AGAINST),222,1
75159,THEFT,222,3
75089,THEFT,212,6
75236,FOUND PROPERTY,207,42
75236,EMBEZZLEMENT,207,3
75236,DWI,207,2
75236,DISORDERLY CONDUCT,207,9
75236,CRIMINAL MISCHIEF/VANDALISM,207,88
75236,CHILD (OFFENSES AGAINST),207,2
75236,BURGLARY,207,50
75236,AUTO THEFT - UUMV,207,56
75236,ASSAULT,207,18
75236,ARSON,207,2
75236,ANIMAL BITE,207,2
75236,AGGRAVATED ASSAULT,207,16
75236,ACCIDENTAL INJURY,207,5
75236,TRAFFIC FATALITY,207,4
75236,THEFT,207,138
75236,SUDDEN DEATH,207,4
75236,ROBBERY,207,10
75236,OTHER OFFENSES,207,5
75236,NARCOTICS/DRUGS,207,2
75236,MURDER,207,1
75236,MOTOR VEHICLE ACCIDENT,207,34
75236,LOST PROPERTY,207,7
75236,HOME ACCIDENT,207,7
75236,FRAUD,207,4
75232,SUDDEN DEATH,188,8
75232,OTHER OFFENSES,188,20
75232,NARCOTICS/DRUGS,188,4
75232,MURDER,188,2
75232,MOTOR VEHICLE ACCIDENT,188,69
75232,LOST PROPERTY,188,15
75232,HOME ACCIDENT,188,7
75232,FRAUD,188,8
75232,FOUND PROPERTY,188,91
75232,FORGERY & COUNTERFEIT,188,5
75232,EMBEZZLEMENT,188,4
75232,DWI,188,4
75232,DISORDERLY CONDUCT,188,10
75232,CRIMINAL MISCHIEF/VANDALISM,188,140
75232,BURGLARY,188,76
75232,AUTO THEFT - UUMV,188,89
75232,ASSAULT,188,49
75232,ARSON,188,1
75232,ANIMAL BITE,188,3
75232,AGGRAVATED ASSAULT,188,22
75232,ACCIDENTAL INJURY,188,9
75232,ROBBERY,188,42
75232,THEFT,188,263
75232,TRAFFIC FATALITY,188,1
75241,ANIMAL BITE,181,7
75241,ARSON,181,4
75241,ASSAULT,181,77
75241,AUTO THEFT - UUMV,181,110
75241,BURGLARY,181,127
75241,CHILD (OFFENSES AGAINST),181,3
75241,CRIMINAL MISCHIEF/VANDALISM,181,206
75241,DISORDERLY CONDUCT,181,32
75241,DWI,181,5
75241,EMBEZZLEMENT,181,5
75241,LOST PROPERTY,181,25
75241,HOME ACCIDENT,181,14
75241,FRAUD,181,6
75241,FOUND PROPERTY,181,149
75241,MOTOR VEHICLE ACCIDENT,181,113
75241,MURDER,181,1
75241,NARCOTICS/DRUGS,181,4
75241,OCCUPATIONAL ACCIDENT,181,1
75241,OTHER OFFENSES,181,54
75241,ROBBERY,181,46
75241,SUDDEN DEATH,181,20
75241,THEFT,181,327
75241,TRAFFIC FATALITY,181,1
75241,WEAPONS,181,1
75241,FORGERY & COUNTERFEIT,181,2
75241,FIREARMS ACCIDENT,181,1
75241,ACCIDENTAL INJURY,181,9
75241,AGGRAVATED ASSAULT,181,29
75223,LOST PROPERTY,178,8
75223,MOTOR VEHICLE ACCIDENT,178,103
75223,MURDER,178,3
75223,NARCOTICS/DRUGS,178,2
75223,OTHER OFFENSES,178,18
75223,ROBBERY,178,44
75223,SUDDEN DEATH,178,5
75223,THEFT,178,126
75223,TRAFFIC FATALITY,178,1
75223,WEAPONS,178,1
75223,ACCIDENTAL INJURY,178,14
75223,AGGRAVATED ASSAULT,178,24
75223,ANIMAL BITE,178,4
75223,ARSON,178,2
75223,ASSAULT,178,28
75223,AUTO THEFT - UUMV,178,42
75223,BURGLARY,178,59
75223,CRIMINAL MISCHIEF/VANDALISM,178,70
75223,DISORDERLY CONDUCT,178,7
75223,DWI,178,9
75223,FOUND PROPERTY,178,69
75223,FRAUD,178,1
75223,HOME ACCIDENT,178,5
75223,LIQUOR,178,1
75182,CRIMINAL MISCHIEF/VANDALISM,169,1
75134,AUTO THEFT - UUMV,159,1
75134,AGGRAVATED ASSAULT,159,1
75134,MOTOR VEHICLE ACCIDENT,159,6
75134,FOUND PROPERTY,159,2
75134,CRIMINAL MISCHIEF/VANDALISM,159,1
75181,THEFT,151,1
75181,CRIMINAL MISCHIEF/VANDALISM,151,1
75233,LOST PROPERTY,105,3
75233,EMBEZZLEMENT,105,2
75233,FIREARMS ACCIDENT,105,3
75233,FORGERY & COUNTERFEIT,105,3
75233,FOUND PROPERTY,105,29
75233,MOTOR VEHICLE ACCIDENT,105,49
75253,FRAUD,105,2
75253,HOME ACCIDENT,105,7
75253,LOST PROPERTY,105,6
75253,MOTOR VEHICLE ACCIDENT,105,29
75253,NARCOTICS/DRUGS,105,2
75253,OCCUPATIONAL ACCIDENT,105,1
75253,OTHER OFFENSES,105,11
75253,ROBBERY,105,10
75253,SUDDEN DEATH,105,11
75233,BURGLARY,105,51
75233,AUTO THEFT - UUMV,105,41
75233,ASSAULT,105,29
75233,ARSON,105,3
75233,ANIMAL BITE,105,5
75253,THEFT,105,127
75233,AGGRAVATED ASSAULT,105,10
75253,TRAFFIC FATALITY,105,1
75253,ACCIDENTAL INJURY,105,9
75253,AGGRAVATED ASSAULT,105,11
75253,ANIMAL BITE,105,6
75253,ARSON,105,5
75253,ASSAULT,105,17
75253,AUTO THEFT - UUMV,105,71
75253,BURGLARY,105,77
75253,CHILD (OFFENSES AGAINST),105,1
75253,CRIMINAL MISCHIEF/VANDALISM,105,89
75253,DISORDERLY CONDUCT,105,5
75253,DWI,105,3
75253,EMBEZZLEMENT,105,1
75253,FIREARMS ACCIDENT,105,1
75253,FORGERY & COUNTERFEIT,105,1
75253,FOUND PROPERTY,105,67
75233,DISORDERLY CONDUCT,105,8
75233,DWI,105,4
75233,NARCOTICS/DRUGS,105,1
75233,OTHER OFFENSES,105,4
75233,ROBBERY,105,21
75233,SUDDEN DEATH,105,12
75233,THEFT,105,121
75233,TRAFFIC FATALITY,105,3
75233,WEAPONS,105,1
75233,CRIMINAL MISCHIEF/VANDALISM,105,72
75233,ACCIDENTAL INJURY,105,7
75233,FRAUD,105,4
75233,HOME ACCIDENT,105,5
75210,FRAUD,84,4
75210,HOME ACCIDENT,84,11
75210,LIQUOR,84,1
75210,LOST PROPERTY,84,19
75210,MOTOR VEHICLE ACCIDENT,84,69
75210,MURDER,84,1
75210,NARCOTICS/DRUGS,84,4
75210,OCCUPATIONAL ACCIDENT,84,1
75210,OTHER OFFENSES,84,17
75210,ROBBERY,84,37
75210,SUDDEN DEATH,84,7
75210,THEFT,84,113
75210,TRAFFIC FATALITY,84,1
75210,WEAPONS,84,4
75210,ACCIDENTAL INJURY,84,28
75210,AGGRAVATED ASSAULT,84,21
75210,ANIMAL BITE,84,3
75210,ARSON,84,6
75210,ASSAULT,84,61
75210,AUTO THEFT - UUMV,84,31
75210,BURGLARY,84,57
75210,CRIMINAL MISCHIEF/VANDALISM,84,89
75210,DISORDERLY CONDUCT,84,9
75210,DWI,84,4
75210,FIREARMS ACCIDENT,84,2
75210,FORGERY & COUNTERFEIT,84,2
75210,FOUND PROPERTY,84,92
75249,CRIMINAL MISCHIEF/VANDALISM,42,42
75249,CHILD (OFFENSES AGAINST),42,1
75249,BURGLARY,42,32
75249,AUTO THEFT - UUMV,42,24
75249,ASSAULT,42,8
75249,ARSON,42,1
75249,ANIMAL BITE,42,2
75249,THEFT,42,103
75249,SUDDEN DEATH,42,3
75249,ROBBERY,42,5
75249,OTHER OFFENSES,42,2
75249,MOTOR VEHICLE ACCIDENT,42,28
75249,LOST PROPERTY,42,3
75249,HOME ACCIDENT,42,2
75249,FRAUD,42,1
75249,FOUND PROPERTY,42,19
75249,FORGERY & COUNTERFEIT,42,1
75249,EMBEZZLEMENT,42,1
75249,DWI,42,1
75249,DISORDERLY CONDUCT,42,7
