a.ucr_offense_description,a.month1_of_occurence,a.year1_of_occurrence,a.complainant_gender,_c4
'FRAUD,July,2016,F,1
ACCIDENTAL INJURY,April,2015,,1
ACCIDENTAL INJURY,April,2015,F,4
ACCIDENTAL INJURY,April,2015,M,15
ACCIDENTAL INJURY,April,2016,F,3
ACCIDENTAL INJURY,April,2016,M,14
ACCIDENTAL INJURY,August,2015,,3
ACCIDENTAL INJURY,August,2015,F,4
ACCIDENTAL INJURY,August,2015,M,19
ACCIDENTAL INJURY,August,2016,,1
ACCIDENTAL INJURY,August,2016,F,11
ACCIDENTAL INJURY,August,2016,M,10
ACCIDENTAL INJURY,December,2015,,1
ACCIDENTAL INJURY,December,2015,F,6
ACCIDENTAL INJURY,December,2015,M,9
ACCIDENTAL INJURY,December,2016,,1
ACCIDENTAL INJURY,December,2016,F,2
ACCIDENTAL INJURY,December,2016,M,10
ACCIDENTAL INJURY,February,2015,F,5
ACCIDENTAL INJURY,February,2015,M,2
ACCIDENTAL INJURY,February,2016,,1
ACCIDENTAL INJURY,February,2016,F,4
ACCIDENTAL INJURY,February,2016,M,14
ACCIDENTAL INJURY,February,2017,,1
ACCIDENTAL INJURY,February,2017,F,1
ACCIDENTAL INJURY,February,2017,M,7
ACCIDENTAL INJURY,January,2016,F,8
ACCIDENTAL INJURY,January,2016,M,10
ACCIDENTAL INJURY,January,2017,,1
ACCIDENTAL INJURY,January,2017,F,3
ACCIDENTAL INJURY,January,2017,M,10
ACCIDENTAL INJURY,July,2015,F,8
ACCIDENTAL INJURY,July,2015,M,15
ACCIDENTAL INJURY,July,2016,F,5
ACCIDENTAL INJURY,July,2016,M,10
ACCIDENTAL INJURY,June,2015,,1
ACCIDENTAL INJURY,June,2015,F,6
ACCIDENTAL INJURY,June,2015,M,11
ACCIDENTAL INJURY,June,2016,F,12
ACCIDENTAL INJURY,June,2016,M,23
ACCIDENTAL INJURY,March,2015,F,11
ACCIDENTAL INJURY,March,2015,M,17
ACCIDENTAL INJURY,March,2016,,2
ACCIDENTAL INJURY,March,2016,F,5
ACCIDENTAL INJURY,March,2016,M,17
ACCIDENTAL INJURY,May,2015,F,8
ACCIDENTAL INJURY,May,2015,M,14
ACCIDENTAL INJURY,May,2016,F,6
ACCIDENTAL INJURY,May,2016,M,16
ACCIDENTAL INJURY,November,2015,F,4
ACCIDENTAL INJURY,November,2015,M,15
ACCIDENTAL INJURY,November,2016,F,10
ACCIDENTAL INJURY,November,2016,M,14
ACCIDENTAL INJURY,October,2015,F,3
ACCIDENTAL INJURY,October,2015,M,8
ACCIDENTAL INJURY,October,2016,F,8
ACCIDENTAL INJURY,October,2016,M,14
ACCIDENTAL INJURY,September,2015,F,6
ACCIDENTAL INJURY,September,2015,M,10
ACCIDENTAL INJURY,September,2016,F,5
ACCIDENTAL INJURY,September,2016,M,7
AGGRAVATED ASSAULT,April,2015,F,7
AGGRAVATED ASSAULT,April,2015,M,12
AGGRAVATED ASSAULT,April,2016,F,8
AGGRAVATED ASSAULT,April,2016,M,17
AGGRAVATED ASSAULT,August,2015,F,5
AGGRAVATED ASSAULT,August,2015,M,19
AGGRAVATED ASSAULT,August,2016,F,5
AGGRAVATED ASSAULT,August,2016,M,6
AGGRAVATED ASSAULT,December,2015,F,8
AGGRAVATED ASSAULT,December,2015,M,18
AGGRAVATED ASSAULT,December,2016,F,6
AGGRAVATED ASSAULT,December,2016,M,13
AGGRAVATED ASSAULT,February,2015,F,1
AGGRAVATED ASSAULT,February,2015,M,7
AGGRAVATED ASSAULT,February,2016,F,4
AGGRAVATED ASSAULT,February,2016,M,14
AGGRAVATED ASSAULT,February,2017,F,2
AGGRAVATED ASSAULT,February,2017,M,12
AGGRAVATED ASSAULT,January,2016,F,3
AGGRAVATED ASSAULT,January,2016,M,14
AGGRAVATED ASSAULT,January,2017,F,1
AGGRAVATED ASSAULT,January,2017,M,17
AGGRAVATED ASSAULT,July,2015,F,5
AGGRAVATED ASSAULT,July,2015,M,15
AGGRAVATED ASSAULT,July,2016,F,6
AGGRAVATED ASSAULT,July,2016,M,17
AGGRAVATED ASSAULT,June,2015,F,7
AGGRAVATED ASSAULT,June,2015,M,17
AGGRAVATED ASSAULT,June,2016,,1
AGGRAVATED ASSAULT,June,2016,F,5
AGGRAVATED ASSAULT,June,2016,M,13
AGGRAVATED ASSAULT,March,2015,F,6
AGGRAVATED ASSAULT,March,2015,M,10
AGGRAVATED ASSAULT,March,2016,F,3
AGGRAVATED ASSAULT,March,2016,M,21
AGGRAVATED ASSAULT,May,2015,F,4
AGGRAVATED ASSAULT,May,2015,M,8
AGGRAVATED ASSAULT,May,2016,F,5
AGGRAVATED ASSAULT,May,2016,M,20
AGGRAVATED ASSAULT,November,2015,F,6
AGGRAVATED ASSAULT,November,2015,M,10
AGGRAVATED ASSAULT,November,2016,F,4
AGGRAVATED ASSAULT,November,2016,M,17
AGGRAVATED ASSAULT,October,2015,M,15
AGGRAVATED ASSAULT,October,2016,F,5
AGGRAVATED ASSAULT,October,2016,M,21
AGGRAVATED ASSAULT,September,2015,F,6
AGGRAVATED ASSAULT,September,2015,M,18
AGGRAVATED ASSAULT,September,2016,F,7
AGGRAVATED ASSAULT,September,2016,M,14
ANIMAL BITE,April,2015,M,2
ANIMAL BITE,April,2016,M,1
ANIMAL BITE,August,2015,M,3
ANIMAL BITE,August,2016,F,2
ANIMAL BITE,August,2016,M,1
ANIMAL BITE,December,2015,F,1
ANIMAL BITE,December,2016,F,1
ANIMAL BITE,December,2016,M,1
ANIMAL BITE,February,2016,F,3
ANIMAL BITE,February,2016,M,1
ANIMAL BITE,February,2017,M,1
ANIMAL BITE,January,2016,F,4
ANIMAL BITE,January,2016,M,2
ANIMAL BITE,January,2017,F,1
ANIMAL BITE,January,2017,M,2
ANIMAL BITE,July,2015,F,1
ANIMAL BITE,July,2016,F,4
ANIMAL BITE,July,2016,M,7
ANIMAL BITE,June,2016,F,3
ANIMAL BITE,June,2016,M,2
ANIMAL BITE,March,2015,F,1
ANIMAL BITE,March,2016,F,1
ANIMAL BITE,March,2016,M,1
ANIMAL BITE,May,2015,F,2
ANIMAL BITE,May,2016,M,2
ANIMAL BITE,November,2015,F,2
ANIMAL BITE,November,2015,M,1
ANIMAL BITE,November,2016,F,2
ANIMAL BITE,November,2016,M,3
ANIMAL BITE,October,2015,F,2
ANIMAL BITE,October,2015,M,1
ANIMAL BITE,October,2016,F,1
ANIMAL BITE,October,2016,M,4
ANIMAL BITE,September,2015,F,2
ANIMAL BITE,September,2015,M,3
ANIMAL BITE,September,2016,F,2
ANIMAL BITE,September,2016,M,3
ARSON,April,2015,,3
ARSON,April,2016,,2
ARSON,April,2016,M,1
ARSON,August,2015,,2
ARSON,August,2016,,4
ARSON,December,2015,,5
ARSON,February,2016,,4
ARSON,February,2017,,2
ARSON,January,2016,,1
ARSON,July,2016,,1
ARSON,March,2015,,4
ARSON,March,2016,,1
ARSON,May,2015,,3
ARSON,May,2015,M,1
ARSON,November,2016,,2
ARSON,October,2016,,2
ARSON,September,2015,,1
ARSON,September,2016,,7
ASSAULT,April,2015,,1
ASSAULT,April,2015,F,27
ASSAULT,April,2015,M,30
ASSAULT,April,2016,F,29
ASSAULT,April,2016,M,34
ASSAULT,August,2015,F,29
ASSAULT,August,2015,M,40
ASSAULT,August,2016,,1
ASSAULT,August,2016,F,25
ASSAULT,August,2016,M,22
ASSAULT,December,2014,M,1
ASSAULT,December,2015,F,25
ASSAULT,December,2015,M,22
ASSAULT,December,2016,,1
ASSAULT,December,2016,F,27
ASSAULT,December,2016,M,21
ASSAULT,February,2015,F,10
ASSAULT,February,2015,M,10
ASSAULT,February,2016,F,22
ASSAULT,February,2016,M,19
ASSAULT,February,2017,F,16
ASSAULT,February,2017,M,13
ASSAULT,January,2016,F,25
ASSAULT,January,2016,M,28
ASSAULT,January,2017,F,18
ASSAULT,January,2017,M,27
ASSAULT,July,2014,M,1
ASSAULT,July,2015,F,37
ASSAULT,July,2015,M,19
ASSAULT,July,2016,,1
ASSAULT,July,2016,F,24
ASSAULT,July,2016,M,30
ASSAULT,June,2015,F,27
ASSAULT,June,2015,M,39
ASSAULT,June,2016,F,24
ASSAULT,June,2016,M,32
ASSAULT,March,2015,,1
ASSAULT,March,2015,F,29
ASSAULT,March,2015,M,23
ASSAULT,March,2016,F,22
ASSAULT,March,2016,M,29
ASSAULT,May,2015,,2
ASSAULT,May,2015,F,26
ASSAULT,May,2015,M,23
ASSAULT,May,2016,F,22
ASSAULT,May,2016,M,37
ASSAULT,November,2015,F,17
ASSAULT,November,2015,M,23
ASSAULT,November,2016,,2
ASSAULT,November,2016,F,24
ASSAULT,November,2016,M,30
ASSAULT,October,2015,F,25
ASSAULT,October,2015,M,37
ASSAULT,October,2016,F,28
ASSAULT,October,2016,M,36
ASSAULT,September,2015,,1
ASSAULT,September,2015,F,23
ASSAULT,September,2015,M,28
ASSAULT,September,2016,F,20
ASSAULT,September,2016,M,33
AUTO THEFT - UUMV,April,2015,,75
AUTO THEFT - UUMV,April,2015,F,2
AUTO THEFT - UUMV,April,2015,M,6
AUTO THEFT - UUMV,April,2016,,102
AUTO THEFT - UUMV,April,2016,F,4
AUTO THEFT - UUMV,April,2016,M,6
AUTO THEFT - UUMV,August,2015,,90
AUTO THEFT - UUMV,August,2015,F,4
AUTO THEFT - UUMV,August,2015,M,10
AUTO THEFT - UUMV,August,2016,,83
AUTO THEFT - UUMV,August,2016,F,5
AUTO THEFT - UUMV,August,2016,M,9
AUTO THEFT - UUMV,December,2014,,1
AUTO THEFT - UUMV,December,2015,,92
AUTO THEFT - UUMV,December,2015,F,4
AUTO THEFT - UUMV,December,2015,M,12
AUTO THEFT - UUMV,December,2016,,99
AUTO THEFT - UUMV,December,2016,F,1
AUTO THEFT - UUMV,December,2016,M,11
AUTO THEFT - UUMV,February,2015,,58
AUTO THEFT - UUMV,February,2015,F,1
AUTO THEFT - UUMV,February,2015,M,2
AUTO THEFT - UUMV,February,2016,,87
AUTO THEFT - UUMV,February,2016,F,3
AUTO THEFT - UUMV,February,2016,M,11
AUTO THEFT - UUMV,February,2017,,68
AUTO THEFT - UUMV,February,2017,F,1
AUTO THEFT - UUMV,February,2017,M,12
AUTO THEFT - UUMV,January,2015,,2
AUTO THEFT - UUMV,January,2016,,93
AUTO THEFT - UUMV,January,2016,F,3
AUTO THEFT - UUMV,January,2016,M,8
AUTO THEFT - UUMV,January,2017,,97
AUTO THEFT - UUMV,January,2017,F,4
AUTO THEFT - UUMV,January,2017,M,10
AUTO THEFT - UUMV,July,2015,,89
AUTO THEFT - UUMV,July,2015,F,2
AUTO THEFT - UUMV,July,2015,M,5
AUTO THEFT - UUMV,July,2016,,101
AUTO THEFT - UUMV,July,2016,F,7
AUTO THEFT - UUMV,July,2016,M,13
AUTO THEFT - UUMV,June,2015,,93
AUTO THEFT - UUMV,June,2015,F,2
AUTO THEFT - UUMV,June,2015,M,11
AUTO THEFT - UUMV,June,2016,,91
AUTO THEFT - UUMV,June,2016,F,1
AUTO THEFT - UUMV,June,2016,M,4
AUTO THEFT - UUMV,March,2015,,109
AUTO THEFT - UUMV,March,2015,F,1
AUTO THEFT - UUMV,March,2015,M,5
AUTO THEFT - UUMV,March,2016,,83
AUTO THEFT - UUMV,March,2016,F,2
AUTO THEFT - UUMV,March,2016,M,3
AUTO THEFT - UUMV,May,2015,,73
AUTO THEFT - UUMV,May,2015,F,8
AUTO THEFT - UUMV,May,2015,M,11
AUTO THEFT - UUMV,May,2016,,112
AUTO THEFT - UUMV,May,2016,F,2
AUTO THEFT - UUMV,May,2016,M,11
AUTO THEFT - UUMV,November,2015,,87
AUTO THEFT - UUMV,November,2015,F,5
AUTO THEFT - UUMV,November,2015,M,10
AUTO THEFT - UUMV,November,2016,,99
AUTO THEFT - UUMV,November,2016,F,6
AUTO THEFT - UUMV,November,2016,M,14
AUTO THEFT - UUMV,October,2015,,91
AUTO THEFT - UUMV,October,2015,F,7
AUTO THEFT - UUMV,October,2015,M,13
AUTO THEFT - UUMV,October,2016,,109
AUTO THEFT - UUMV,October,2016,F,5
AUTO THEFT - UUMV,October,2016,M,10
AUTO THEFT - UUMV,September,2014,,1
AUTO THEFT - UUMV,September,2015,,97
AUTO THEFT - UUMV,September,2015,F,3
AUTO THEFT - UUMV,September,2015,M,2
AUTO THEFT - UUMV,September,2016,,100
AUTO THEFT - UUMV,September,2016,F,1
AUTO THEFT - UUMV,September,2016,M,11
BURGLARY,April,2015,,35
BURGLARY,April,2015,F,52
BURGLARY,April,2015,M,61
BURGLARY,April,2016,,37
BURGLARY,April,2016,F,43
BURGLARY,April,2016,M,67
BURGLARY,August,2015,,50
BURGLARY,August,2015,F,57
BURGLARY,August,2015,M,43
BURGLARY,August,2016,,48
BURGLARY,August,2016,F,59
BURGLARY,August,2016,M,64
BURGLARY,December,2014,F,1
BURGLARY,December,2015,,55
BURGLARY,December,2015,F,49
BURGLARY,December,2015,M,67
BURGLARY,December,2016,,55
BURGLARY,December,2016,F,63
BURGLARY,December,2016,M,71
BURGLARY,February,2015,,27
BURGLARY,February,2015,F,24
BURGLARY,February,2015,M,28
BURGLARY,February,2016,,42
BURGLARY,February,2016,F,48
BURGLARY,February,2016,M,52
BURGLARY,February,2017,,37
BURGLARY,February,2017,F,34
BURGLARY,February,2017,M,34
BURGLARY,January,2015,F,1
BURGLARY,January,2015,M,2
BURGLARY,January,2016,,48
BURGLARY,January,2016,F,59
BURGLARY,January,2016,M,64
BURGLARY,January,2017,,48
BURGLARY,January,2017,F,44
BURGLARY,January,2017,M,49
BURGLARY,July,2014,M,2
BURGLARY,July,2015,,40
BURGLARY,July,2015,F,39
BURGLARY,July,2015,M,54
BURGLARY,July,2016,,50
BURGLARY,July,2016,F,43
BURGLARY,July,2016,M,61
BURGLARY,June,2015,,43
BURGLARY,June,2015,F,55
BURGLARY,June,2015,M,48
BURGLARY,June,2016,,40
BURGLARY,June,2016,F,48
BURGLARY,June,2016,M,63
BURGLARY,March,2015,,47
BURGLARY,March,2015,F,57
BURGLARY,March,2015,M,59
BURGLARY,March,2016,,41
BURGLARY,March,2016,F,49
BURGLARY,March,2016,M,56
BURGLARY,May,2015,,49
BURGLARY,May,2015,F,46
BURGLARY,May,2015,M,67
BURGLARY,May,2016,,52
BURGLARY,May,2016,F,57
BURGLARY,May,2016,M,64
BURGLARY,November,2015,,53
BURGLARY,November,2015,F,56
BURGLARY,November,2015,M,59
BURGLARY,November,2016,,48
BURGLARY,November,2016,F,71
BURGLARY,November,2016,M,80
BURGLARY,October,2014,M,1
BURGLARY,October,2015,,40
BURGLARY,October,2015,F,63
BURGLARY,October,2015,M,78
BURGLARY,October,2016,,57
BURGLARY,October,2016,F,53
BURGLARY,October,2016,M,57
BURGLARY,September,2015,,40
BURGLARY,September,2015,F,50
BURGLARY,September,2015,M,67
BURGLARY,September,2016,,36
BURGLARY,September,2016,F,63
BURGLARY,September,2016,M,74
CHILD (OFFENSES AGAINST),April,2015,F,2
CHILD (OFFENSES AGAINST),April,2015,M,1
CHILD (OFFENSES AGAINST),August,2015,F,1
CHILD (OFFENSES AGAINST),August,2015,M,1
CHILD (OFFENSES AGAINST),August,2016,F,1
CHILD (OFFENSES AGAINST),December,2015,F,1
CHILD (OFFENSES AGAINST),December,2016,F,1
CHILD (OFFENSES AGAINST),February,2015,,1
CHILD (OFFENSES AGAINST),February,2015,M,1
CHILD (OFFENSES AGAINST),February,2016,M,1
CHILD (OFFENSES AGAINST),January,2017,F,1
CHILD (OFFENSES AGAINST),July,2015,F,2
CHILD (OFFENSES AGAINST),July,2016,F,2
CHILD (OFFENSES AGAINST),July,2016,M,1
CHILD (OFFENSES AGAINST),June,2015,,1
CHILD (OFFENSES AGAINST),March,2015,M,2
CHILD (OFFENSES AGAINST),March,2016,F,2
CHILD (OFFENSES AGAINST),November,2015,F,2
CHILD (OFFENSES AGAINST),October,2015,F,2
CHILD (OFFENSES AGAINST),October,2016,F,1
CHILD (OFFENSES AGAINST),September,2015,F,2
CHILD (OFFENSES AGAINST),September,2016,F,1
CRIMINAL MISCHIEF/VANDALISM,April,2015,,38
CRIMINAL MISCHIEF/VANDALISM,April,2015,F,64
CRIMINAL MISCHIEF/VANDALISM,April,2015,M,66
CRIMINAL MISCHIEF/VANDALISM,April,2016,,37
CRIMINAL MISCHIEF/VANDALISM,April,2016,F,90
CRIMINAL MISCHIEF/VANDALISM,April,2016,M,94
CRIMINAL MISCHIEF/VANDALISM,August,2015,,28
CRIMINAL MISCHIEF/VANDALISM,August,2015,F,67
CRIMINAL MISCHIEF/VANDALISM,August,2015,M,69
CRIMINAL MISCHIEF/VANDALISM,August,2016,,42
CRIMINAL MISCHIEF/VANDALISM,August,2016,F,89
CRIMINAL MISCHIEF/VANDALISM,August,2016,M,87
CRIMINAL MISCHIEF/VANDALISM,December,2015,,34
CRIMINAL MISCHIEF/VANDALISM,December,2015,F,93
CRIMINAL MISCHIEF/VANDALISM,December,2015,M,83
CRIMINAL MISCHIEF/VANDALISM,December,2016,,30
CRIMINAL MISCHIEF/VANDALISM,December,2016,F,84
CRIMINAL MISCHIEF/VANDALISM,December,2016,M,85
CRIMINAL MISCHIEF/VANDALISM,February,2015,,22
CRIMINAL MISCHIEF/VANDALISM,February,2015,F,41
CRIMINAL MISCHIEF/VANDALISM,February,2015,M,37
CRIMINAL MISCHIEF/VANDALISM,February,2016,,33
CRIMINAL MISCHIEF/VANDALISM,February,2016,F,94
CRIMINAL MISCHIEF/VANDALISM,February,2016,M,77
CRIMINAL MISCHIEF/VANDALISM,February,2017,,14
CRIMINAL MISCHIEF/VANDALISM,February,2017,F,58
CRIMINAL MISCHIEF/VANDALISM,February,2017,M,42
CRIMINAL MISCHIEF/VANDALISM,January,2015,M,1
CRIMINAL MISCHIEF/VANDALISM,January,2016,,25
CRIMINAL MISCHIEF/VANDALISM,January,2016,F,77
CRIMINAL MISCHIEF/VANDALISM,January,2016,M,95
CRIMINAL MISCHIEF/VANDALISM,January,2016,TEST,1
CRIMINAL MISCHIEF/VANDALISM,January,2017,,41
CRIMINAL MISCHIEF/VANDALISM,January,2017,F,66
CRIMINAL MISCHIEF/VANDALISM,January,2017,M,65
CRIMINAL MISCHIEF/VANDALISM,July,2015,,47
CRIMINAL MISCHIEF/VANDALISM,July,2015,F,89
CRIMINAL MISCHIEF/VANDALISM,July,2015,M,79
CRIMINAL MISCHIEF/VANDALISM,July,2016,,43
CRIMINAL MISCHIEF/VANDALISM,July,2016,F,112
CRIMINAL MISCHIEF/VANDALISM,July,2016,M,79
CRIMINAL MISCHIEF/VANDALISM,June,2015,,37
CRIMINAL MISCHIEF/VANDALISM,June,2015,F,101
CRIMINAL MISCHIEF/VANDALISM,June,2015,M,79
CRIMINAL MISCHIEF/VANDALISM,June,2016,,38
CRIMINAL MISCHIEF/VANDALISM,June,2016,F,82
CRIMINAL MISCHIEF/VANDALISM,June,2016,M,103
CRIMINAL MISCHIEF/VANDALISM,March,2015,,54
CRIMINAL MISCHIEF/VANDALISM,March,2015,F,79
CRIMINAL MISCHIEF/VANDALISM,March,2015,M,86
CRIMINAL MISCHIEF/VANDALISM,March,2016,,41
CRIMINAL MISCHIEF/VANDALISM,March,2016,F,92
CRIMINAL MISCHIEF/VANDALISM,March,2016,M,69
CRIMINAL MISCHIEF/VANDALISM,May,2015,,31
CRIMINAL MISCHIEF/VANDALISM,May,2015,F,80
CRIMINAL MISCHIEF/VANDALISM,May,2015,M,79
CRIMINAL MISCHIEF/VANDALISM,May,2016,,38
CRIMINAL MISCHIEF/VANDALISM,May,2016,F,94
CRIMINAL MISCHIEF/VANDALISM,May,2016,M,107
CRIMINAL MISCHIEF/VANDALISM,November,2015,,37
CRIMINAL MISCHIEF/VANDALISM,November,2015,F,75
CRIMINAL MISCHIEF/VANDALISM,November,2015,M,77
CRIMINAL MISCHIEF/VANDALISM,November,2016,,34
CRIMINAL MISCHIEF/VANDALISM,November,2016,F,90
CRIMINAL MISCHIEF/VANDALISM,November,2016,M,75
CRIMINAL MISCHIEF/VANDALISM,November,2016,U,1
CRIMINAL MISCHIEF/VANDALISM,October,2015,,43
CRIMINAL MISCHIEF/VANDALISM,October,2015,F,98
CRIMINAL MISCHIEF/VANDALISM,October,2015,M,90
CRIMINAL MISCHIEF/VANDALISM,October,2016,,46
CRIMINAL MISCHIEF/VANDALISM,October,2016,F,88
CRIMINAL MISCHIEF/VANDALISM,October,2016,M,89
CRIMINAL MISCHIEF/VANDALISM,September,2015,,27
CRIMINAL MISCHIEF/VANDALISM,September,2015,F,97
CRIMINAL MISCHIEF/VANDALISM,September,2015,M,74
CRIMINAL MISCHIEF/VANDALISM,September,2016,,35
CRIMINAL MISCHIEF/VANDALISM,September,2016,F,102
CRIMINAL MISCHIEF/VANDALISM,September,2016,M,95
DISORDERLY CONDUCT,April,2015,F,10
DISORDERLY CONDUCT,April,2015,M,5
DISORDERLY CONDUCT,April,2016,,3
DISORDERLY CONDUCT,April,2016,F,8
DISORDERLY CONDUCT,April,2016,M,8
DISORDERLY CONDUCT,August,2015,F,8
DISORDERLY CONDUCT,August,2015,M,2
DISORDERLY CONDUCT,August,2016,,1
DISORDERLY CONDUCT,August,2016,F,7
DISORDERLY CONDUCT,August,2016,M,3
DISORDERLY CONDUCT,December,2015,,3
DISORDERLY CONDUCT,December,2015,F,6
DISORDERLY CONDUCT,December,2015,M,8
DISORDERLY CONDUCT,December,2016,,1
DISORDERLY CONDUCT,December,2016,F,5
DISORDERLY CONDUCT,December,2016,M,4
DISORDERLY CONDUCT,February,2015,F,6
DISORDERLY CONDUCT,February,2015,M,2
DISORDERLY CONDUCT,February,2016,,2
DISORDERLY CONDUCT,February,2016,F,15
DISORDERLY CONDUCT,February,2016,M,4
DISORDERLY CONDUCT,February,2017,,2
DISORDERLY CONDUCT,February,2017,F,11
DISORDERLY CONDUCT,February,2017,M,2
DISORDERLY CONDUCT,January,2016,F,12
DISORDERLY CONDUCT,January,2016,M,5
DISORDERLY CONDUCT,January,2017,F,9
DISORDERLY CONDUCT,January,2017,M,7
DISORDERLY CONDUCT,July,2015,,2
DISORDERLY CONDUCT,July,2015,F,18
DISORDERLY CONDUCT,July,2015,M,2
DISORDERLY CONDUCT,July,2016,,2
DISORDERLY CONDUCT,July,2016,F,8
DISORDERLY CONDUCT,July,2016,M,3
DISORDERLY CONDUCT,June,2015,,1
DISORDERLY CONDUCT,June,2015,F,15
DISORDERLY CONDUCT,June,2015,M,3
DISORDERLY CONDUCT,June,2016,,2
DISORDERLY CONDUCT,June,2016,F,8
DISORDERLY CONDUCT,June,2016,M,7
DISORDERLY CONDUCT,March,2015,,1
DISORDERLY CONDUCT,March,2015,F,10
DISORDERLY CONDUCT,March,2015,M,6
DISORDERLY CONDUCT,March,2016,,2
DISORDERLY CONDUCT,March,2016,F,9
DISORDERLY CONDUCT,March,2016,M,2
DISORDERLY CONDUCT,May,2015,,4
DISORDERLY CONDUCT,May,2015,F,12
DISORDERLY CONDUCT,May,2015,M,5
DISORDERLY CONDUCT,May,2016,,3
DISORDERLY CONDUCT,May,2016,F,11
DISORDERLY CONDUCT,May,2016,M,2
DISORDERLY CONDUCT,November,2014,F,1
DISORDERLY CONDUCT,November,2015,,1
DISORDERLY CONDUCT,November,2015,F,11
DISORDERLY CONDUCT,November,2015,M,5
DISORDERLY CONDUCT,November,2016,,4
DISORDERLY CONDUCT,November,2016,F,4
DISORDERLY CONDUCT,November,2016,M,4
DISORDERLY CONDUCT,October,2015,F,6
DISORDERLY CONDUCT,October,2015,M,2
DISORDERLY CONDUCT,October,2016,,2
DISORDERLY CONDUCT,October,2016,F,15
DISORDERLY CONDUCT,October,2016,M,9
DISORDERLY CONDUCT,September,2015,F,7
DISORDERLY CONDUCT,September,2015,M,3
DISORDERLY CONDUCT,September,2016,,3
DISORDERLY CONDUCT,September,2016,F,12
DISORDERLY CONDUCT,September,2016,M,5
DWI,April,2015,,7
DWI,April,2015,M,2
DWI,April,2016,,20
DWI,August,2015,,7
DWI,August,2015,M,1
DWI,August,2016,,13
DWI,August,2016,M,1
DWI,December,2015,,16
DWI,December,2016,,12
DWI,February,2015,,3
DWI,February,2015,M,1
DWI,February,2016,,11
DWI,February,2017,,8
DWI,January,2016,,11
DWI,January,2017,,7
DWI,July,2015,,9
DWI,July,2015,M,1
DWI,July,2016,,12
DWI,June,2015,,7
DWI,June,2016,,11
DWI,March,2015,,4
DWI,March,2015,M,1
DWI,March,2016,,18
DWI,May,2015,,4
DWI,May,2016,,13
DWI,November,2015,,13
DWI,November,2015,F,1
DWI,November,2016,,11
DWI,October,2015,,4
DWI,October,2015,F,1
DWI,October,2015,M,1
DWI,October,2016,,8
DWI,September,2015,,2
DWI,September,2016,,13
DWI,September,2016,M,1
EMBEZZLEMENT,April,2015,,11
EMBEZZLEMENT,April,2015,F,1
EMBEZZLEMENT,April,2015,M,1
EMBEZZLEMENT,April,2016,,6
EMBEZZLEMENT,April,2016,M,1
EMBEZZLEMENT,August,2014,,1
EMBEZZLEMENT,August,2015,,8
EMBEZZLEMENT,August,2015,F,1
EMBEZZLEMENT,August,2016,,7
EMBEZZLEMENT,August,2016,F,1
EMBEZZLEMENT,December,2014,,1
EMBEZZLEMENT,December,2014,M,1
EMBEZZLEMENT,December,2015,,9
EMBEZZLEMENT,December,2015,F,1
EMBEZZLEMENT,December,2016,,6
EMBEZZLEMENT,December,2016,M,2
EMBEZZLEMENT,February,2015,,3
EMBEZZLEMENT,February,2015,F,1
EMBEZZLEMENT,February,2016,,4
EMBEZZLEMENT,February,2017,,3
EMBEZZLEMENT,January,2014,,3
EMBEZZLEMENT,January,2015,,4
EMBEZZLEMENT,January,2015,M,1
EMBEZZLEMENT,January,2016,,7
EMBEZZLEMENT,January,2016,F,1
EMBEZZLEMENT,January,2017,,3
EMBEZZLEMENT,January,2017,F,1
EMBEZZLEMENT,January,2017,M,2
EMBEZZLEMENT,July,2015,,10
EMBEZZLEMENT,July,2015,F,1
EMBEZZLEMENT,July,2015,M,2
EMBEZZLEMENT,July,2016,,4
EMBEZZLEMENT,July,2016,F,2
EMBEZZLEMENT,June,2015,,7
EMBEZZLEMENT,June,2015,F,1
EMBEZZLEMENT,June,2016,,6
EMBEZZLEMENT,June,2016,M,2
EMBEZZLEMENT,March,2015,,11
EMBEZZLEMENT,March,2015,F,3
EMBEZZLEMENT,March,2015,M,2
EMBEZZLEMENT,March,2016,,10
EMBEZZLEMENT,March,2016,M,1
EMBEZZLEMENT,May,2014,,1
EMBEZZLEMENT,May,2015,,5
EMBEZZLEMENT,May,2016,,7
EMBEZZLEMENT,May,2016,M,2
EMBEZZLEMENT,November,2014,,1
EMBEZZLEMENT,November,2015,,3
EMBEZZLEMENT,November,2015,F,2
EMBEZZLEMENT,November,2015,M,1
EMBEZZLEMENT,November,2016,,13
EMBEZZLEMENT,October,2015,,9
EMBEZZLEMENT,October,2015,M,1
EMBEZZLEMENT,October,2016,,4
EMBEZZLEMENT,October,2016,F,1
EMBEZZLEMENT,September,2015,,10
EMBEZZLEMENT,September,2015,F,1
EMBEZZLEMENT,September,2015,M,1
EMBEZZLEMENT,September,2016,,10
EMBEZZLEMENT,September,2016,F,2
EMBEZZLEMENT,September,2016,M,1
FIREARMS ACCIDENT,April,2015,M,1
FIREARMS ACCIDENT,August,2016,F,1
FIREARMS ACCIDENT,August,2016,M,1
FIREARMS ACCIDENT,December,2016,M,3
FIREARMS ACCIDENT,February,2016,M,1
FIREARMS ACCIDENT,February,2017,M,1
FIREARMS ACCIDENT,January,2016,M,1
FIREARMS ACCIDENT,January,2017,M,1
FIREARMS ACCIDENT,June,2015,M,1
FIREARMS ACCIDENT,June,2016,M,2
FIREARMS ACCIDENT,March,2015,M,2
FIREARMS ACCIDENT,March,2016,M,3
FIREARMS ACCIDENT,May,2016,F,1
FIREARMS ACCIDENT,May,2016,M,2
FIREARMS ACCIDENT,October,2016,F,1
FIREARMS ACCIDENT,October,2016,M,1
FIREARMS ACCIDENT,September,2015,M,1
FIREARMS ACCIDENT,September,2016,M,1
FORGERY & COUNTERFEIT,April,2015,,13
FORGERY & COUNTERFEIT,April,2015,F,2
FORGERY & COUNTERFEIT,April,2016,,5
FORGERY & COUNTERFEIT,April,2016,F,1
FORGERY & COUNTERFEIT,August,2015,,11
FORGERY & COUNTERFEIT,August,2015,F,3
FORGERY & COUNTERFEIT,August,2015,M,1
FORGERY & COUNTERFEIT,August,2016,,5
FORGERY & COUNTERFEIT,August,2016,F,1
FORGERY & COUNTERFEIT,August,2016,M,2
FORGERY & COUNTERFEIT,December,2014,M,1
FORGERY & COUNTERFEIT,December,2015,,5
FORGERY & COUNTERFEIT,December,2015,M,1
FORGERY & COUNTERFEIT,December,2016,,5
FORGERY & COUNTERFEIT,December,2016,F,1
FORGERY & COUNTERFEIT,February,2007,F,1
FORGERY & COUNTERFEIT,February,2015,,6
FORGERY & COUNTERFEIT,February,2016,,6
FORGERY & COUNTERFEIT,February,2016,F,1
FORGERY & COUNTERFEIT,February,2017,,2
FORGERY & COUNTERFEIT,February,2017,M,1
FORGERY & COUNTERFEIT,January,2015,,2
FORGERY & COUNTERFEIT,January,2016,,5
FORGERY & COUNTERFEIT,January,2016,M,3
FORGERY & COUNTERFEIT,January,2017,,10
FORGERY & COUNTERFEIT,January,2017,F,1
FORGERY & COUNTERFEIT,July,2015,,9
FORGERY & COUNTERFEIT,July,2015,F,3
FORGERY & COUNTERFEIT,July,2015,M,1
FORGERY & COUNTERFEIT,July,2016,,4
FORGERY & COUNTERFEIT,June,2015,,12
FORGERY & COUNTERFEIT,June,2015,F,5
FORGERY & COUNTERFEIT,June,2015,M,3
FORGERY & COUNTERFEIT,June,2016,,11
FORGERY & COUNTERFEIT,June,2016,M,1
FORGERY & COUNTERFEIT,March,2015,,15
FORGERY & COUNTERFEIT,March,2016,,7
FORGERY & COUNTERFEIT,March,2016,M,1
FORGERY & COUNTERFEIT,May,2015,,16
FORGERY & COUNTERFEIT,May,2015,F,1
FORGERY & COUNTERFEIT,May,2015,M,1
FORGERY & COUNTERFEIT,May,2016,,9
FORGERY & COUNTERFEIT,May,2016,F,1
FORGERY & COUNTERFEIT,May,2016,M,3
FORGERY & COUNTERFEIT,November,2014,F,1
FORGERY & COUNTERFEIT,November,2015,,12
FORGERY & COUNTERFEIT,November,2016,,4
FORGERY & COUNTERFEIT,November,2016,M,2
FORGERY & COUNTERFEIT,October,2015,,6
FORGERY & COUNTERFEIT,October,2015,F,1
FORGERY & COUNTERFEIT,October,2015,M,2
FORGERY & COUNTERFEIT,October,2016,,8
FORGERY & COUNTERFEIT,October,2016,F,2
FORGERY & COUNTERFEIT,September,2015,,9
FORGERY & COUNTERFEIT,September,2015,F,3
FORGERY & COUNTERFEIT,September,2015,M,3
FORGERY & COUNTERFEIT,September,2016,,12
FORGERY & COUNTERFEIT,September,2016,F,1
FORGERY & COUNTERFEIT,September,2016,M,1
FOUND PROPERTY,April,2015,,80
FOUND PROPERTY,April,2015,F,13
FOUND PROPERTY,April,2015,M,9
FOUND PROPERTY,April,2016,,115
FOUND PROPERTY,April,2016,F,5
FOUND PROPERTY,April,2016,M,7
FOUND PROPERTY,August,2015,,95
FOUND PROPERTY,August,2015,F,6
FOUND PROPERTY,August,2015,M,8
FOUND PROPERTY,August,2016,,131
FOUND PROPERTY,August,2016,F,8
FOUND PROPERTY,August,2016,M,9
FOUND PROPERTY,December,2015,,103
FOUND PROPERTY,December,2015,F,9
FOUND PROPERTY,December,2015,M,4
FOUND PROPERTY,December,2016,,118
FOUND PROPERTY,December,2016,F,6
FOUND PROPERTY,December,2016,M,11
FOUND PROPERTY,February,2015,,51
FOUND PROPERTY,February,2015,F,2
FOUND PROPERTY,February,2015,M,9
FOUND PROPERTY,February,2016,,107
FOUND PROPERTY,February,2016,F,2
FOUND PROPERTY,February,2016,M,7
FOUND PROPERTY,February,2017,,75
FOUND PROPERTY,February,2017,F,2
FOUND PROPERTY,February,2017,M,6
FOUND PROPERTY,January,2016,,121
FOUND PROPERTY,January,2016,F,7
FOUND PROPERTY,January,2016,M,9
FOUND PROPERTY,January,2017,,152
FOUND PROPERTY,January,2017,F,6
FOUND PROPERTY,January,2017,M,10
FOUND PROPERTY,July,2015,,93
FOUND PROPERTY,July,2015,F,5
FOUND PROPERTY,July,2015,M,11
FOUND PROPERTY,July,2016,,105
FOUND PROPERTY,July,2016,F,7
FOUND PROPERTY,July,2016,M,6
FOUND PROPERTY,June,2015,,100
FOUND PROPERTY,June,2015,F,4
FOUND PROPERTY,June,2015,M,11
FOUND PROPERTY,June,2016,,119
FOUND PROPERTY,June,2016,F,4
FOUND PROPERTY,June,2016,M,6
FOUND PROPERTY,March,2015,,85
FOUND PROPERTY,March,2015,F,4
FOUND PROPERTY,March,2015,M,14
FOUND PROPERTY,March,2016,,128
FOUND PROPERTY,March,2016,F,3
FOUND PROPERTY,March,2016,M,9
FOUND PROPERTY,May,2015,,90
FOUND PROPERTY,May,2015,F,5
FOUND PROPERTY,May,2015,M,9
FOUND PROPERTY,May,2016,,149
FOUND PROPERTY,May,2016,F,4
FOUND PROPERTY,May,2016,M,14
FOUND PROPERTY,November,2015,,106
FOUND PROPERTY,November,2015,F,1
FOUND PROPERTY,November,2015,M,10
FOUND PROPERTY,November,2016,,129
FOUND PROPERTY,November,2016,F,8
FOUND PROPERTY,November,2016,M,4
FOUND PROPERTY,October,2015,,100
FOUND PROPERTY,October,2015,F,4
FOUND PROPERTY,October,2015,M,14
FOUND PROPERTY,October,2016,,137
FOUND PROPERTY,October,2016,F,6
FOUND PROPERTY,October,2016,M,9
FOUND PROPERTY,September,2014,,2
FOUND PROPERTY,September,2015,,98
FOUND PROPERTY,September,2015,F,4
FOUND PROPERTY,September,2015,M,11
FOUND PROPERTY,September,2015,U,1
FOUND PROPERTY,September,2016,,145
FOUND PROPERTY,September,2016,F,6
FOUND PROPERTY,September,2016,M,7
FRAUD,April,2015,,4
FRAUD,April,2015,F,2
FRAUD,April,2015,M,2
FRAUD,April,2016,,14
FRAUD,April,2016,F,7
FRAUD,April,2016,M,5
FRAUD,August,2014,,1
FRAUD,August,2015,,4
FRAUD,August,2015,F,4
FRAUD,August,2015,M,2
FRAUD,August,2016,,4
FRAUD,August,2016,F,3
FRAUD,August,2016,M,1
FRAUD,December,2014,F,1
FRAUD,December,2015,,8
FRAUD,December,2015,F,6
FRAUD,December,2015,M,5
FRAUD,December,2016,,7
FRAUD,December,2016,F,2
FRAUD,December,2016,M,3
FRAUD,February,2015,,4
FRAUD,February,2015,F,1
FRAUD,February,2015,M,3
FRAUD,February,2016,,10
FRAUD,February,2016,F,5
FRAUD,February,2016,M,3
FRAUD,February,2017,,10
FRAUD,February,2017,F,1
FRAUD,February,2017,M,2
FRAUD,January,2016,,10
FRAUD,January,2016,F,3
FRAUD,January,2016,M,4
FRAUD,January,2017,,6
FRAUD,January,2017,F,5
FRAUD,January,2017,M,2
FRAUD,July,2014,M,1
FRAUD,July,2015,,8
FRAUD,July,2015,F,6
FRAUD,July,2015,M,4
FRAUD,July,2016,,5
FRAUD,July,2016,F,4
FRAUD,July,2016,M,2
FRAUD,June,2014,F,1
FRAUD,June,2015,,7
FRAUD,June,2015,F,1
FRAUD,June,2015,M,1
FRAUD,June,2016,,6
FRAUD,June,2016,F,5
FRAUD,March,2014,F,1
FRAUD,March,2015,,4
FRAUD,March,2015,F,3
FRAUD,March,2015,M,4
FRAUD,March,2016,,5
FRAUD,March,2016,F,2
FRAUD,March,2016,M,5
FRAUD,May,2015,,5
FRAUD,May,2015,F,2
FRAUD,May,2015,M,3
FRAUD,May,2016,,8
FRAUD,May,2016,F,3
FRAUD,May,2016,M,2
FRAUD,November,2015,,12
FRAUD,November,2015,M,2
FRAUD,November,2016,,5
FRAUD,November,2016,F,1
FRAUD,November,2016,M,4
FRAUD,October,2015,,10
FRAUD,October,2015,F,2
FRAUD,October,2015,M,3
FRAUD,October,2016,,12
FRAUD,October,2016,F,3
FRAUD,October,2016,M,1
FRAUD,September,2015,,6
FRAUD,September,2015,F,3
FRAUD,September,2015,M,4
FRAUD,September,2016,,6
FRAUD,September,2016,F,2
FRAUD,September,2016,M,2
GAMBLING,January,2017,,1
GAMBLING,November,2016,,1
HOME ACCIDENT,April,2015,,1
HOME ACCIDENT,April,2015,F,5
HOME ACCIDENT,April,2015,M,6
HOME ACCIDENT,April,2016,F,3
HOME ACCIDENT,April,2016,M,7
HOME ACCIDENT,August,2015,F,4
HOME ACCIDENT,August,2015,M,10
HOME ACCIDENT,August,2016,F,2
HOME ACCIDENT,August,2016,M,9
HOME ACCIDENT,December,2015,F,5
HOME ACCIDENT,December,2015,M,7
HOME ACCIDENT,December,2016,F,2
HOME ACCIDENT,December,2016,M,3
HOME ACCIDENT,February,2016,,1
HOME ACCIDENT,February,2016,F,1
HOME ACCIDENT,February,2016,M,3
HOME ACCIDENT,February,2017,F,3
HOME ACCIDENT,February,2017,M,2
HOME ACCIDENT,January,2016,F,4
HOME ACCIDENT,January,2016,M,1
HOME ACCIDENT,January,2017,F,1
HOME ACCIDENT,January,2017,M,2
HOME ACCIDENT,July,2015,F,2
HOME ACCIDENT,July,2015,M,8
HOME ACCIDENT,July,2016,F,3
HOME ACCIDENT,July,2016,M,6
HOME ACCIDENT,June,2015,F,5
HOME ACCIDENT,June,2015,M,3
HOME ACCIDENT,June,2016,F,3
HOME ACCIDENT,June,2016,M,6
HOME ACCIDENT,March,2015,F,1
HOME ACCIDENT,March,2015,M,5
HOME ACCIDENT,March,2016,F,2
HOME ACCIDENT,March,2016,M,10
HOME ACCIDENT,May,2015,F,2
HOME ACCIDENT,May,2015,M,5
HOME ACCIDENT,May,2016,F,4
HOME ACCIDENT,May,2016,M,8
HOME ACCIDENT,November,2015,F,4
HOME ACCIDENT,November,2015,M,9
HOME ACCIDENT,November,2016,F,4
HOME ACCIDENT,November,2016,M,3
HOME ACCIDENT,October,2015,,1
HOME ACCIDENT,October,2015,F,2
HOME ACCIDENT,October,2015,M,2
HOME ACCIDENT,October,2016,F,4
HOME ACCIDENT,October,2016,M,3
HOME ACCIDENT,September,2015,F,3
HOME ACCIDENT,September,2015,M,5
HOME ACCIDENT,September,2016,F,3
HOME ACCIDENT,September,2016,M,4
INTOXICATION MANSLAUGHTER,June,2015,M,1
INTOXICATION MANSLAUGHTER,October,2016,M,1
LIQUOR,April,2015,,2
LIQUOR,August,2015,,1
LIQUOR,December,2015,,1
LIQUOR,February,2015,,1
LIQUOR,July,2015,,1
LIQUOR,May,2015,,1
LIQUOR,October,2015,,1
LIQUOR,September,2015,,3
LOST PROPERTY,April,2015,,2
LOST PROPERTY,April,2015,F,3
LOST PROPERTY,April,2015,M,4
LOST PROPERTY,April,2016,,2
LOST PROPERTY,April,2016,F,7
LOST PROPERTY,April,2016,M,10
LOST PROPERTY,August,2015,,3
LOST PROPERTY,August,2015,F,7
LOST PROPERTY,August,2015,M,7
LOST PROPERTY,August,2016,,4
LOST PROPERTY,August,2016,F,5
LOST PROPERTY,August,2016,M,9
LOST PROPERTY,December,2015,,5
LOST PROPERTY,December,2015,F,2
LOST PROPERTY,December,2015,M,7
LOST PROPERTY,December,2016,,5
LOST PROPERTY,December,2016,F,6
LOST PROPERTY,December,2016,M,8
LOST PROPERTY,February,2015,,2
LOST PROPERTY,February,2015,F,4
LOST PROPERTY,February,2015,M,2
LOST PROPERTY,February,2016,,2
LOST PROPERTY,February,2016,F,6
LOST PROPERTY,February,2016,M,8
LOST PROPERTY,February,2017,,3
LOST PROPERTY,February,2017,F,3
LOST PROPERTY,February,2017,M,1
LOST PROPERTY,January,2015,,1
LOST PROPERTY,January,2016,,2
LOST PROPERTY,January,2016,F,11
LOST PROPERTY,January,2016,M,5
LOST PROPERTY,January,2017,,2
LOST PROPERTY,January,2017,F,12
LOST PROPERTY,January,2017,M,5
LOST PROPERTY,July,2014,M,1
LOST PROPERTY,July,2015,,7
LOST PROPERTY,July,2015,F,17
LOST PROPERTY,July,2015,M,9
LOST PROPERTY,July,2015,U,1
LOST PROPERTY,July,2016,,1
LOST PROPERTY,July,2016,F,12
LOST PROPERTY,July,2016,M,6
LOST PROPERTY,June,2015,,4
LOST PROPERTY,June,2015,F,5
LOST PROPERTY,June,2015,M,5
LOST PROPERTY,June,2016,,5
LOST PROPERTY,June,2016,F,7
LOST PROPERTY,June,2016,M,9
LOST PROPERTY,March,2012,,1
LOST PROPERTY,March,2014,,1
LOST PROPERTY,March,2015,,2
LOST PROPERTY,March,2015,F,7
LOST PROPERTY,March,2015,M,3
LOST PROPERTY,March,2015,U,1
LOST PROPERTY,March,2016,,7
LOST PROPERTY,March,2016,F,8
LOST PROPERTY,March,2016,M,6
LOST PROPERTY,May,2015,,1
LOST PROPERTY,May,2015,F,6
LOST PROPERTY,May,2015,M,7
LOST PROPERTY,May,2016,,5
LOST PROPERTY,May,2016,F,2
LOST PROPERTY,May,2016,M,6
LOST PROPERTY,November,2011,M,1
LOST PROPERTY,November,2015,,4
LOST PROPERTY,November,2015,F,7
LOST PROPERTY,November,2015,M,5
LOST PROPERTY,November,2016,,2
LOST PROPERTY,November,2016,F,8
LOST PROPERTY,November,2016,M,4
LOST PROPERTY,October,2014,,1
LOST PROPERTY,October,2014,M,1
LOST PROPERTY,October,2015,,5
LOST PROPERTY,October,2015,F,7
LOST PROPERTY,October,2015,M,9
LOST PROPERTY,October,2016,,5
LOST PROPERTY,October,2016,F,4
LOST PROPERTY,October,2016,M,6
LOST PROPERTY,September,2015,,3
LOST PROPERTY,September,2015,F,8
LOST PROPERTY,September,2015,M,4
LOST PROPERTY,September,2016,,6
LOST PROPERTY,September,2016,F,5
LOST PROPERTY,September,2016,M,3
MOTOR VEHICLE ACCIDENT,April,2015,,13
MOTOR VEHICLE ACCIDENT,April,2015,F,58
MOTOR VEHICLE ACCIDENT,April,2015,M,52
MOTOR VEHICLE ACCIDENT,April,2016,,16
MOTOR VEHICLE ACCIDENT,April,2016,F,48
MOTOR VEHICLE ACCIDENT,April,2016,M,69
MOTOR VEHICLE ACCIDENT,August,2015,,16
MOTOR VEHICLE ACCIDENT,August,2015,F,64
MOTOR VEHICLE ACCIDENT,August,2015,M,48
MOTOR VEHICLE ACCIDENT,August,2016,,16
MOTOR VEHICLE ACCIDENT,August,2016,F,83
MOTOR VEHICLE ACCIDENT,August,2016,M,60
MOTOR VEHICLE ACCIDENT,December,2015,,18
MOTOR VEHICLE ACCIDENT,December,2015,F,47
MOTOR VEHICLE ACCIDENT,December,2015,M,70
MOTOR VEHICLE ACCIDENT,December,2016,,20
MOTOR VEHICLE ACCIDENT,December,2016,F,72
MOTOR VEHICLE ACCIDENT,December,2016,M,84
MOTOR VEHICLE ACCIDENT,December,2016,U,1
MOTOR VEHICLE ACCIDENT,February,2015,,12
MOTOR VEHICLE ACCIDENT,February,2015,F,32
MOTOR VEHICLE ACCIDENT,February,2015,M,30
MOTOR VEHICLE ACCIDENT,February,2015,U,1
MOTOR VEHICLE ACCIDENT,February,2016,,14
MOTOR VEHICLE ACCIDENT,February,2016,F,57
MOTOR VEHICLE ACCIDENT,February,2016,M,64
MOTOR VEHICLE ACCIDENT,February,2017,,8
MOTOR VEHICLE ACCIDENT,February,2017,F,38
MOTOR VEHICLE ACCIDENT,February,2017,M,40
MOTOR VEHICLE ACCIDENT,January,2016,,12
MOTOR VEHICLE ACCIDENT,January,2016,F,71
MOTOR VEHICLE ACCIDENT,January,2016,M,56
MOTOR VEHICLE ACCIDENT,January,2017,,16
MOTOR VEHICLE ACCIDENT,January,2017,F,61
MOTOR VEHICLE ACCIDENT,January,2017,M,51
MOTOR VEHICLE ACCIDENT,July,2015,,16
MOTOR VEHICLE ACCIDENT,July,2015,F,60
MOTOR VEHICLE ACCIDENT,July,2015,M,63
MOTOR VEHICLE ACCIDENT,July,2016,,14
MOTOR VEHICLE ACCIDENT,July,2016,F,54
MOTOR VEHICLE ACCIDENT,July,2016,M,77
MOTOR VEHICLE ACCIDENT,June,2015,,12
MOTOR VEHICLE ACCIDENT,June,2015,F,53
MOTOR VEHICLE ACCIDENT,June,2015,M,45
MOTOR VEHICLE ACCIDENT,June,2016,,15
MOTOR VEHICLE ACCIDENT,June,2016,F,66
MOTOR VEHICLE ACCIDENT,June,2016,M,62
MOTOR VEHICLE ACCIDENT,March,2015,,15
MOTOR VEHICLE ACCIDENT,March,2015,F,79
MOTOR VEHICLE ACCIDENT,March,2015,M,62
MOTOR VEHICLE ACCIDENT,March,2016,,19
MOTOR VEHICLE ACCIDENT,March,2016,F,75
MOTOR VEHICLE ACCIDENT,March,2016,M,62
MOTOR VEHICLE ACCIDENT,May,2015,,15
MOTOR VEHICLE ACCIDENT,May,2015,F,62
MOTOR VEHICLE ACCIDENT,May,2015,M,74
MOTOR VEHICLE ACCIDENT,May,2016,,20
MOTOR VEHICLE ACCIDENT,May,2016,F,64
MOTOR VEHICLE ACCIDENT,May,2016,M,71
MOTOR VEHICLE ACCIDENT,November,2015,,17
MOTOR VEHICLE ACCIDENT,November,2015,F,57
MOTOR VEHICLE ACCIDENT,November,2015,M,56
MOTOR VEHICLE ACCIDENT,November,2016,,18
MOTOR VEHICLE ACCIDENT,November,2016,F,64
MOTOR VEHICLE ACCIDENT,November,2016,M,68
MOTOR VEHICLE ACCIDENT,November,2016,U,1
MOTOR VEHICLE ACCIDENT,October,2015,,18
MOTOR VEHICLE ACCIDENT,October,2015,F,47
MOTOR VEHICLE ACCIDENT,October,2015,M,66
MOTOR VEHICLE ACCIDENT,October,2016,,18
MOTOR VEHICLE ACCIDENT,October,2016,F,66
MOTOR VEHICLE ACCIDENT,October,2016,M,78
MOTOR VEHICLE ACCIDENT,October,2016,U,1
MOTOR VEHICLE ACCIDENT,September,2015,,8
MOTOR VEHICLE ACCIDENT,September,2015,F,51
MOTOR VEHICLE ACCIDENT,September,2015,M,49
MOTOR VEHICLE ACCIDENT,September,2016,,11
MOTOR VEHICLE ACCIDENT,September,2016,F,62
MOTOR VEHICLE ACCIDENT,September,2016,M,66
MURDER,April,2015,M,1
MURDER,August,2015,M,1
MURDER,August,2016,M,3
MURDER,December,2015,F,1
MURDER,December,2016,M,1
MURDER,January,2016,F,1
MURDER,January,2017,M,1
MURDER,July,2015,M,2
MURDER,July,2016,M,1
MURDER,June,2015,F,1
MURDER,June,2015,M,2
MURDER,June,2016,M,1
MURDER,March,2015,M,1
MURDER,May,2015,M,2
MURDER,May,2016,F,1
MURDER,November,2016,M,2
MURDER,October,2015,M,1
MURDER,October,2016,M,1
NARCOTICS/DRUGS,April,2015,,8
NARCOTICS/DRUGS,April,2016,,8
NARCOTICS/DRUGS,August,2015,,2
NARCOTICS/DRUGS,August,2016,,7
NARCOTICS/DRUGS,December,2014,,1
NARCOTICS/DRUGS,December,2015,,1
NARCOTICS/DRUGS,December,2016,,7
NARCOTICS/DRUGS,December,2016,M,1
NARCOTICS/DRUGS,February,2015,,4
NARCOTICS/DRUGS,February,2016,,8
NARCOTICS/DRUGS,February,2017,,4
NARCOTICS/DRUGS,January,2016,,5
NARCOTICS/DRUGS,January,2017,,7
NARCOTICS/DRUGS,July,2015,,4
NARCOTICS/DRUGS,July,2016,,8
NARCOTICS/DRUGS,June,2015,,8
NARCOTICS/DRUGS,June,2015,F,1
NARCOTICS/DRUGS,June,2016,,2
NARCOTICS/DRUGS,March,2015,,7
NARCOTICS/DRUGS,March,2015,M,2
NARCOTICS/DRUGS,March,2016,,8
NARCOTICS/DRUGS,March,2016,M,1
NARCOTICS/DRUGS,May,2015,,6
NARCOTICS/DRUGS,May,2016,,10
NARCOTICS/DRUGS,November,2015,,1
NARCOTICS/DRUGS,November,2016,,6
NARCOTICS/DRUGS,October,2015,,2
NARCOTICS/DRUGS,October,2015,F,1
NARCOTICS/DRUGS,October,2016,,9
NARCOTICS/DRUGS,October,2016,M,1
NARCOTICS/DRUGS,September,2015,,7
NARCOTICS/DRUGS,September,2016,,4
OCCUPATIONAL ACCIDENT,April,2015,M,1
OCCUPATIONAL ACCIDENT,August,2015,M,1
OCCUPATIONAL ACCIDENT,August,2016,F,1
OCCUPATIONAL ACCIDENT,December,2015,M,2
OCCUPATIONAL ACCIDENT,June,2015,M,1
OCCUPATIONAL ACCIDENT,June,2016,M,1
OCCUPATIONAL ACCIDENT,March,2016,F,1
OCCUPATIONAL ACCIDENT,March,2016,M,1
OCCUPATIONAL ACCIDENT,May,2015,M,1
OCCUPATIONAL ACCIDENT,November,2015,F,1
OCCUPATIONAL ACCIDENT,October,2016,F,1
OCCUPATIONAL ACCIDENT,October,2016,M,1
OTHER OFFENSES,April,2015,,11
OTHER OFFENSES,April,2015,F,1
OTHER OFFENSES,April,2015,M,3
OTHER OFFENSES,April,2016,,15
OTHER OFFENSES,April,2016,F,5
OTHER OFFENSES,April,2016,M,8
OTHER OFFENSES,August,2015,,10
OTHER OFFENSES,August,2015,F,3
OTHER OFFENSES,August,2015,M,8
OTHER OFFENSES,August,2016,,19
OTHER OFFENSES,August,2016,F,2
OTHER OFFENSES,August,2016,M,6
OTHER OFFENSES,December,2015,,9
OTHER OFFENSES,December,2015,F,5
OTHER OFFENSES,December,2015,M,5
OTHER OFFENSES,December,2016,,20
OTHER OFFENSES,December,2016,F,3
OTHER OFFENSES,December,2016,M,3
OTHER OFFENSES,February,2015,,11
OTHER OFFENSES,February,2015,F,4
OTHER OFFENSES,February,2015,M,3
OTHER OFFENSES,February,2016,,14
OTHER OFFENSES,February,2016,F,3
OTHER OFFENSES,February,2016,M,4
OTHER OFFENSES,February,2017,,11
OTHER OFFENSES,February,2017,F,3
OTHER OFFENSES,February,2017,M,3
OTHER OFFENSES,January,2015,,1
OTHER OFFENSES,January,2016,,12
OTHER OFFENSES,January,2016,F,2
OTHER OFFENSES,January,2016,M,8
OTHER OFFENSES,January,2017,,19
OTHER OFFENSES,January,2017,F,9
OTHER OFFENSES,January,2017,M,7
OTHER OFFENSES,July,2015,,17
OTHER OFFENSES,July,2015,F,3
OTHER OFFENSES,July,2015,M,7
OTHER OFFENSES,July,2016,,15
OTHER OFFENSES,July,2016,F,5
OTHER OFFENSES,July,2016,M,5
OTHER OFFENSES,June,2015,,9
OTHER OFFENSES,June,2015,F,6
OTHER OFFENSES,June,2015,M,7
OTHER OFFENSES,June,2016,,15
OTHER OFFENSES,June,2016,F,5
OTHER OFFENSES,June,2016,M,7
OTHER OFFENSES,March,2015,,14
OTHER OFFENSES,March,2015,F,3
OTHER OFFENSES,March,2015,M,6
OTHER OFFENSES,March,2016,,15
OTHER OFFENSES,March,2016,F,6
OTHER OFFENSES,March,2016,M,3
OTHER OFFENSES,May,2015,,15
OTHER OFFENSES,May,2015,F,2
OTHER OFFENSES,May,2015,M,6
OTHER OFFENSES,May,2016,,27
OTHER OFFENSES,May,2016,F,5
OTHER OFFENSES,May,2016,M,9
OTHER OFFENSES,November,2015,,15
OTHER OFFENSES,November,2015,M,5
OTHER OFFENSES,November,2016,,18
OTHER OFFENSES,November,2016,F,10
OTHER OFFENSES,November,2016,M,8
OTHER OFFENSES,October,2015,,10
OTHER OFFENSES,October,2015,F,2
OTHER OFFENSES,October,2015,M,7
OTHER OFFENSES,October,2016,,14
OTHER OFFENSES,October,2016,F,7
OTHER OFFENSES,October,2016,M,4
OTHER OFFENSES,September,2015,,4
OTHER OFFENSES,September,2015,F,5
OTHER OFFENSES,September,2015,M,3
OTHER OFFENSES,September,2016,,10
OTHER OFFENSES,September,2016,F,8
OTHER OFFENSES,September,2016,M,7
ROBBERY,April,2015,,25
ROBBERY,April,2015,F,13
ROBBERY,April,2015,M,23
ROBBERY,April,2016,,29
ROBBERY,April,2016,F,11
ROBBERY,April,2016,M,50
ROBBERY,August,2015,,21
ROBBERY,August,2015,F,12
ROBBERY,August,2015,M,46
ROBBERY,August,2016,,42
ROBBERY,August,2016,F,17
ROBBERY,August,2016,M,56
ROBBERY,August,2016,U,1
ROBBERY,December,2015,,26
ROBBERY,December,2015,F,17
ROBBERY,December,2015,M,43
ROBBERY,December,2015,U,1
ROBBERY,December,2016,,36
ROBBERY,December,2016,F,13
ROBBERY,December,2016,M,42
ROBBERY,February,2015,,13
ROBBERY,February,2015,F,7
ROBBERY,February,2015,M,13
ROBBERY,February,2016,,16
ROBBERY,February,2016,F,6
ROBBERY,February,2016,M,31
ROBBERY,February,2017,,22
ROBBERY,February,2017,F,10
ROBBERY,February,2017,M,20
ROBBERY,January,2016,,32
ROBBERY,January,2016,F,20
ROBBERY,January,2016,M,35
ROBBERY,January,2017,,37
ROBBERY,January,2017,F,17
ROBBERY,January,2017,M,53
ROBBERY,July,2015,,24
ROBBERY,July,2015,F,19
ROBBERY,July,2015,M,32
ROBBERY,July,2016,,30
ROBBERY,July,2016,F,11
ROBBERY,July,2016,M,48
ROBBERY,June,2015,,29
ROBBERY,June,2015,F,12
ROBBERY,June,2015,M,41
ROBBERY,June,2016,,28
ROBBERY,June,2016,F,12
ROBBERY,June,2016,M,39
ROBBERY,March,2015,,20
ROBBERY,March,2015,F,13
ROBBERY,March,2015,M,27
ROBBERY,March,2016,,19
ROBBERY,March,2016,F,13
ROBBERY,March,2016,M,30
ROBBERY,May,2015,,28
ROBBERY,May,2015,F,18
ROBBERY,May,2015,M,47
ROBBERY,May,2016,,16
ROBBERY,May,2016,F,12
ROBBERY,May,2016,M,42
ROBBERY,November,2015,,21
ROBBERY,November,2015,F,14
ROBBERY,November,2015,M,36
ROBBERY,November,2016,,28
ROBBERY,November,2016,F,11
ROBBERY,November,2016,M,37
ROBBERY,October,2015,,11
ROBBERY,October,2015,F,7
ROBBERY,October,2015,M,38
ROBBERY,October,2016,,36
ROBBERY,October,2016,F,18
ROBBERY,October,2016,M,54
ROBBERY,September,2015,,19
ROBBERY,September,2015,F,10
ROBBERY,September,2015,M,20
ROBBERY,September,2016,,17
ROBBERY,September,2016,F,10
ROBBERY,September,2016,M,37
SUDDEN DEATH,April,2015,F,1
SUDDEN DEATH,April,2015,M,6
SUDDEN DEATH,April,2016,F,8
SUDDEN DEATH,April,2016,M,5
SUDDEN DEATH,August,2015,F,2
SUDDEN DEATH,August,2015,M,12
SUDDEN DEATH,August,2016,F,12
SUDDEN DEATH,August,2016,M,11
SUDDEN DEATH,December,2015,F,8
SUDDEN DEATH,December,2015,M,11
SUDDEN DEATH,December,2016,F,8
SUDDEN DEATH,December,2016,M,11
SUDDEN DEATH,February,2015,F,1
SUDDEN DEATH,February,2015,M,4
SUDDEN DEATH,February,2016,F,3
SUDDEN DEATH,February,2016,M,5
SUDDEN DEATH,February,2017,F,6
SUDDEN DEATH,February,2017,M,8
SUDDEN DEATH,January,2016,F,4
SUDDEN DEATH,January,2016,M,7
SUDDEN DEATH,January,2017,F,5
SUDDEN DEATH,January,2017,M,9
SUDDEN DEATH,July,2015,F,3
SUDDEN DEATH,July,2015,M,11
SUDDEN DEATH,July,2016,F,7
SUDDEN DEATH,July,2016,M,3
SUDDEN DEATH,June,2015,F,5
SUDDEN DEATH,June,2015,M,3
SUDDEN DEATH,June,2016,F,6
SUDDEN DEATH,June,2016,M,12
SUDDEN DEATH,March,2015,F,2
SUDDEN DEATH,March,2015,M,10
SUDDEN DEATH,March,2016,F,5
SUDDEN DEATH,March,2016,M,11
SUDDEN DEATH,May,2015,F,6
SUDDEN DEATH,May,2015,M,11
SUDDEN DEATH,May,2016,F,5
SUDDEN DEATH,May,2016,M,6
SUDDEN DEATH,November,2015,F,7
SUDDEN DEATH,November,2015,M,8
SUDDEN DEATH,November,2016,F,7
SUDDEN DEATH,November,2016,M,9
SUDDEN DEATH,October,2015,F,4
SUDDEN DEATH,October,2015,M,6
SUDDEN DEATH,October,2016,F,8
SUDDEN DEATH,October,2016,M,11
SUDDEN DEATH,September,2015,F,4
SUDDEN DEATH,September,2015,M,10
SUDDEN DEATH,September,2016,F,1
SUDDEN DEATH,September,2016,M,7
THEFT,April,2015,,119
THEFT,April,2015,F,127
THEFT,April,2015,M,172
THEFT,April,2016,,91
THEFT,April,2016,F,146
THEFT,April,2016,M,166
THEFT,April,2016,U,1
THEFT,August,2014,,1
THEFT,August,2015,,105
THEFT,August,2015,F,108
THEFT,August,2015,M,149
THEFT,August,2016,,70
THEFT,August,2016,F,140
THEFT,August,2016,M,196
THEFT,December,2014,,4
THEFT,December,2014,M,2
THEFT,December,2015,,83
THEFT,December,2015,F,132
THEFT,December,2015,M,192
THEFT,December,2015,U,1
THEFT,December,2016,,78
THEFT,December,2016,F,152
THEFT,December,2016,M,193
THEFT,February,2013,M,1
THEFT,February,2015,,51
THEFT,February,2015,F,62
THEFT,February,2015,M,102
THEFT,February,2015,U,1
THEFT,February,2016,,62
THEFT,February,2016,F,116
THEFT,February,2016,M,156
THEFT,February,2017,,36
THEFT,February,2017,F,82
THEFT,February,2017,M,97
THEFT,January,2015,,6
THEFT,January,2015,M,2
THEFT,January,2016,,113
THEFT,January,2016,F,117
THEFT,January,2016,M,192
THEFT,January,2017,,68
THEFT,January,2017,F,133
THEFT,January,2017,M,162
THEFT,July,2015,,102
THEFT,July,2015,F,124
THEFT,July,2015,M,157
THEFT,July,2016,,89
THEFT,July,2016,F,138
THEFT,July,2016,M,176
THEFT,June,2015,,87
THEFT,June,2015,F,140
THEFT,June,2015,M,152
THEFT,June,2016,,85
THEFT,June,2016,F,144
THEFT,June,2016,M,185
THEFT,March,2013,,1
THEFT,March,2015,,84
THEFT,March,2015,F,118
THEFT,March,2015,M,166
THEFT,March,2016,,77
THEFT,March,2016,F,142
THEFT,March,2016,M,155
THEFT,May,2015,,98
THEFT,May,2015,F,135
THEFT,May,2015,M,159
THEFT,May,2016,,68
THEFT,May,2016,F,135
THEFT,May,2016,M,192
THEFT,November,2014,,3
THEFT,November,2014,M,2
THEFT,November,2015,,95
THEFT,November,2015,F,141
THEFT,November,2015,M,189
THEFT,November,2016,,81
THEFT,November,2016,F,162
THEFT,November,2016,M,196
THEFT,October,2014,,1
THEFT,October,2015,,96
THEFT,October,2015,F,146
THEFT,October,2015,M,185
THEFT,October,2016,,68
THEFT,October,2016,F,149
THEFT,October,2016,M,196
THEFT,September,2014,,1
THEFT,September,2015,,79
THEFT,September,2015,F,109
THEFT,September,2015,M,160
THEFT,September,2016,,67
THEFT,September,2016,F,135
THEFT,September,2016,M,183
TRAFFIC FATALITY,April,2015,M,1
TRAFFIC FATALITY,April,2016,M,1
TRAFFIC FATALITY,August,2015,M,1
TRAFFIC FATALITY,December,2016,M,1
TRAFFIC FATALITY,February,2016,M,2
TRAFFIC FATALITY,January,2015,F,1
TRAFFIC FATALITY,January,2016,M,1
TRAFFIC FATALITY,January,2017,F,1
TRAFFIC FATALITY,July,2016,M,2
TRAFFIC FATALITY,June,2015,M,2
TRAFFIC FATALITY,June,2016,M,1
TRAFFIC FATALITY,March,2015,M,1
TRAFFIC FATALITY,May,2015,F,3
TRAFFIC FATALITY,May,2015,M,2
TRAFFIC FATALITY,May,2016,M,3
TRAFFIC FATALITY,November,2015,M,3
TRAFFIC FATALITY,November,2016,F,2
TRAFFIC FATALITY,October,2015,F,1
TRAFFIC FATALITY,October,2016,F,1
TRAFFIC FATALITY,October,2016,M,1
TRAFFIC FATALITY,September,2015,F,1
WEAPONS,April,2015,,3
WEAPONS,April,2016,,1
WEAPONS,August,2016,,4
WEAPONS,December,2015,,3
WEAPONS,December,2016,,2
WEAPONS,February,2016,,2
WEAPONS,January,2016,,2
WEAPONS,January,2017,,2
WEAPONS,July,2016,,2
WEAPONS,June,2015,,1
WEAPONS,March,2016,,2
WEAPONS,May,2016,,1
WEAPONS,September,2015,,1
WEAPONS,September,2016,,1
