a.zip_code,a.ucr_offense_description,_c2
75001,FOUND PROPERTY,1
75001,LOST PROPERTY,1
75001,MOTOR VEHICLE ACCIDENT,2
75007,CRIMINAL MISCHIEF/VANDALISM,1
75007,MOTOR VEHICLE ACCIDENT,2
75007,THEFT,1
75019,ACCIDENTAL INJURY,1
75019,ARSON,1
75019,ASSAULT,1
75019,AUTO THEFT - UUMV,5
75019,BURGLARY,21
75019,CHILD (OFFENSES AGAINST),1
75019,CRIMINAL MISCHIEF/VANDALISM,6
75019,DISORDERLY CONDUCT,2
75019,EMBEZZLEMENT,1
75019,OTHER OFFENSES,1
75019,ROBBERY,2
75019,THEFT,13
75024,THEFT,1
75032,SUDDEN DEATH,1
75043,AGGRAVATED ASSAULT,1
75043,CRIMINAL MISCHIEF/VANDALISM,1
75043,FOUND PROPERTY,1
75043,LOST PROPERTY,1
75043,OTHER OFFENSES,1
75043,SUDDEN DEATH,1
75043,THEFT,3
75048,BURGLARY,1
75048,FORGERY & COUNTERFEIT,1
75048,MOTOR VEHICLE ACCIDENT,1
75052,AGGRAVATED ASSAULT,1
75052,ASSAULT,1
75052,AUTO THEFT - UUMV,2
75052,FOUND PROPERTY,1
75052,LOST PROPERTY,1
75052,MOTOR VEHICLE ACCIDENT,4
75052,OTHER OFFENSES,1
75075,FIREARMS ACCIDENT,1
75080,ASSAULT,1
75080,BURGLARY,3
75080,CRIMINAL MISCHIEF/VANDALISM,1
75080,FOUND PROPERTY,2
75080,MOTOR VEHICLE ACCIDENT,1
75080,OTHER OFFENSES,1
75080,THEFT,1
75081,ASSAULT,1
75081,FORGERY & COUNTERFEIT,1
75081,THEFT,1
75082,CRIMINAL MISCHIEF/VANDALISM,1
75087,THEFT,1
75088,ASSAULT,1
75088,CRIMINAL MISCHIEF/VANDALISM,6
75088,EMBEZZLEMENT,1
75088,FOUND PROPERTY,6
75088,LOST PROPERTY,2
75088,MOTOR VEHICLE ACCIDENT,2
75088,SUDDEN DEATH,5
75088,THEFT,9
75089,CRIMINAL MISCHIEF/VANDALISM,2
75089,EMBEZZLEMENT,1
75089,FRAUD,1
75089,MOTOR VEHICLE ACCIDENT,1
75089,THEFT,10
75115,ACCIDENTAL INJURY,1
75115,CRIMINAL MISCHIEF/VANDALISM,1
75115,DWI,1
75115,FOUND PROPERTY,3
75115,HOME ACCIDENT,1
75115,LOST PROPERTY,1
75115,MOTOR VEHICLE ACCIDENT,4
75126,THEFT,2
75134,AGGRAVATED ASSAULT,3
75134,ASSAULT,1
75134,AUTO THEFT - UUMV,4
75134,CRIMINAL MISCHIEF/VANDALISM,2
75134,DISORDERLY CONDUCT,1
75134,FOUND PROPERTY,9
75134,MOTOR VEHICLE ACCIDENT,18
75134,MURDER,1
75134,OTHER OFFENSES,2
75134,THEFT,4
75134,TRAFFIC FATALITY,1
75137,MOTOR VEHICLE ACCIDENT,1
75137,OTHER OFFENSES,1
75154,FOUND PROPERTY,1
75154,FRAUD,1
75154,ROBBERY,1
75181,CRIMINAL MISCHIEF/VANDALISM,1
75181,HOME ACCIDENT,1
75181,THEFT,2
75182,CRIMINAL MISCHIEF/VANDALISM,1
75201,ACCIDENTAL INJURY,92
75201,AGGRAVATED ASSAULT,55
75201,ANIMAL BITE,5
75201,ARSON,3
75201,ASSAULT,276
75201,AUTO THEFT - UUMV,212
75201,BURGLARY,188
75201,CHILD (OFFENSES AGAINST),3
75201,CRIMINAL MISCHIEF/VANDALISM,382
75201,DISORDERLY CONDUCT,28
75201,DWI,50
75201,EMBEZZLEMENT,28
75201,FIREARMS ACCIDENT,2
75201,FORGERY & COUNTERFEIT,21
75201,FOUND PROPERTY,242
75201,FRAUD,45
75201,HOME ACCIDENT,7
75201,INTOXICATION MANSLAUGHTER,1
75201,LIQUOR,3
75201,LOST PROPERTY,127
75201,MOTOR VEHICLE ACCIDENT,382
75201,MURDER,1
75201,NARCOTICS/DRUGS,9
75201,OCCUPATIONAL ACCIDENT,2
75201,OTHER OFFENSES,97
75201,ROBBERY,71
75201,SUDDEN DEATH,27
75201,THEFT,1110
75201,TRAFFIC FATALITY,2
75201,WEAPONS,1
75202,ACCIDENTAL INJURY,60
75202,AGGRAVATED ASSAULT,25
75202,ASSAULT,157
75202,AUTO THEFT - UUMV,121
75202,BURGLARY,69
75202,CHILD (OFFENSES AGAINST),5
75202,CRIMINAL MISCHIEF/VANDALISM,206
75202,DISORDERLY CONDUCT,14
75202,DWI,19
75202,EMBEZZLEMENT,21
75202,FIREARMS ACCIDENT,1
75202,FORGERY & COUNTERFEIT,22
75202,FOUND PROPERTY,161
75202,FRAUD,47
75202,HOME ACCIDENT,3
75202,LOST PROPERTY,86
75202,MOTOR VEHICLE ACCIDENT,170
75202,NARCOTICS/DRUGS,19
75202,OCCUPATIONAL ACCIDENT,2
75202,OTHER OFFENSES,79
75202,ROBBERY,86
75202,SUDDEN DEATH,9
75202,THEFT,770
75202,WEAPONS,1
75204,ACCIDENTAL INJURY,72
75204,AGGRAVATED ASSAULT,64
75204,ANIMAL BITE,10
75204,ARSON,5
75204,ASSAULT,230
75204,AUTO THEFT - UUMV,408
75204,BURGLARY,550
75204,CHILD (OFFENSES AGAINST),3
75204,CRIMINAL MISCHIEF/VANDALISM,684
75204,DISORDERLY CONDUCT,48
75204,DWI,67
75204,EMBEZZLEMENT,34
75204,FIREARMS ACCIDENT,2
75204,FORGERY & COUNTERFEIT,20
75204,FOUND PROPERTY,378
75204,FRAUD,46
75204,HOME ACCIDENT,25
75204,INTOXICATION MANSLAUGHTER,1
75204,LIQUOR,3
75204,LOST PROPERTY,78
75204,MOTOR VEHICLE ACCIDENT,608
75204,MURDER,1
75204,NARCOTICS/DRUGS,15
75204,OTHER OFFENSES,110
75204,ROBBERY,160
75204,SUDDEN DEATH,41
75204,THEFT,2183
75204,TRAFFIC FATALITY,6
75204,WEAPONS,1
75205,ACCIDENTAL INJURY,7
75205,AGGRAVATED ASSAULT,2
75205,ANIMAL BITE,2
75205,ASSAULT,14
75205,AUTO THEFT - UUMV,21
75205,BURGLARY,73
75205,CHILD (OFFENSES AGAINST),1
75205,CRIMINAL MISCHIEF/VANDALISM,64
75205,DISORDERLY CONDUCT,11
75205,DWI,4
75205,EMBEZZLEMENT,2
75205,FORGERY & COUNTERFEIT,1
75205,FOUND PROPERTY,31
75205,FRAUD,7
75205,HOME ACCIDENT,3
75205,LOST PROPERTY,5
75205,MOTOR VEHICLE ACCIDENT,35
75205,NARCOTICS/DRUGS,2
75205,OCCUPATIONAL ACCIDENT,1
75205,OTHER OFFENSES,6
75205,ROBBERY,13
75205,SUDDEN DEATH,9
75205,THEFT,212
75205,TRAFFIC FATALITY,1
75206,ACCIDENTAL INJURY,73
75206,AGGRAVATED ASSAULT,34
75206,ANIMAL BITE,11
75206,ARSON,5
75206,ASSAULT,127
75206,AUTO THEFT - UUMV,320
75206,BURGLARY,450
75206,CHILD (OFFENSES AGAINST),4
75206,CRIMINAL MISCHIEF/VANDALISM,503
75206,DISORDERLY CONDUCT,37
75206,DWI,39
75206,EMBEZZLEMENT,27
75206,FIREARMS ACCIDENT,1
75206,FORGERY & COUNTERFEIT,54
75206,FOUND PROPERTY,315
75206,FRAUD,62
75206,HOME ACCIDENT,26
75206,INTOXICATION MANSLAUGHTER,1
75206,LOST PROPERTY,64
75206,MOTOR VEHICLE ACCIDENT,585
75206,MURDER,1
75206,NARCOTICS/DRUGS,11
75206,OCCUPATIONAL ACCIDENT,1
75206,OTHER OFFENSES,105
75206,ROBBERY,145
75206,SUDDEN DEATH,41
75206,THEFT,1855
75206,TRAFFIC FATALITY,1
75206,WEAPONS,2
75209,ACCIDENTAL INJURY,15
75209,AGGRAVATED ASSAULT,10
75209,ANIMAL BITE,3
75209,ARSON,4
75209,ASSAULT,43
75209,AUTO THEFT - UUMV,87
75209,BURGLARY,170
75209,CRIMINAL MISCHIEF/VANDALISM,158
75209,DISORDERLY CONDUCT,15
75209,DWI,10
75209,EMBEZZLEMENT,16
75209,FORGERY & COUNTERFEIT,8
75209,FOUND PROPERTY,109
75209,FRAUD,21
75209,HOME ACCIDENT,11
75209,LOST PROPERTY,11
75209,MOTOR VEHICLE ACCIDENT,169
75209,NARCOTICS/DRUGS,1
75209,OCCUPATIONAL ACCIDENT,3
75209,OTHER OFFENSES,33
75209,ROBBERY,25
75209,SUDDEN DEATH,22
75209,THEFT,653
75209,TRAFFIC FATALITY,3
75209,WEAPONS,1
75214,ACCIDENTAL INJURY,32
75214,AGGRAVATED ASSAULT,11
75214,ANIMAL BITE,14
75214,ARSON,3
75214,ASSAULT,61
75214,AUTO THEFT - UUMV,183
75214,BURGLARY,366
75214,CHILD (OFFENSES AGAINST),3
75214,CRIMINAL MISCHIEF/VANDALISM,343
75214,DISORDERLY CONDUCT,25
75214,DWI,18
75214,EMBEZZLEMENT,12
75214,FIREARMS ACCIDENT,1
75214,FORGERY & COUNTERFEIT,22
75214,FOUND PROPERTY,199
75214,FRAUD,19
75214,HOME ACCIDENT,24
75214,LOST PROPERTY,17
75214,MOTOR VEHICLE ACCIDENT,194
75214,MURDER,2
75214,NARCOTICS/DRUGS,7
75214,OTHER OFFENSES,51
75214,ROBBERY,56
75214,SUDDEN DEATH,63
75214,THEFT,1081
75214,TRAFFIC FATALITY,1
75214,WEAPONS,1
75218,ACCIDENTAL INJURY,27
75218,AGGRAVATED ASSAULT,14
75218,ANIMAL BITE,11
75218,ASSAULT,71
75218,AUTO THEFT - UUMV,144
75218,BURGLARY,316
75218,CRIMINAL MISCHIEF/VANDALISM,325
75218,DISORDERLY CONDUCT,22
75218,DWI,15
75218,EMBEZZLEMENT,10
75218,FIREARMS ACCIDENT,2
75218,FORGERY & COUNTERFEIT,21
75218,FOUND PROPERTY,149
75218,FRAUD,23
75218,HOME ACCIDENT,35
75218,LIQUOR,1
75218,LOST PROPERTY,18
75218,MOTOR VEHICLE ACCIDENT,237
75218,NARCOTICS/DRUGS,10
75218,OCCUPATIONAL ACCIDENT,3
75218,OTHER OFFENSES,33
75218,ROBBERY,78
75218,SUDDEN DEATH,26
75218,THEFT,831
75218,TRAFFIC FATALITY,3
75219,ACCIDENTAL INJURY,63
75219,AGGRAVATED ASSAULT,22
75219,ANIMAL BITE,4
75219,ARSON,5
75219,ASSAULT,151
75219,AUTO THEFT - UUMV,221
75219,BURGLARY,305
75219,CHILD (OFFENSES AGAINST),7
75219,CRIMINAL MISCHIEF/VANDALISM,419
75219,DISORDERLY CONDUCT,36
75219,DWI,43
75219,EMBEZZLEMENT,14
75219,FIREARMS ACCIDENT,7
75219,FORGERY & COUNTERFEIT,27
75219,FOUND PROPERTY,216
75219,FRAUD,23
75219,HOME ACCIDENT,18
75219,LIQUOR,3
75219,LOST PROPERTY,34
75219,MOTOR VEHICLE ACCIDENT,329
75219,MURDER,2
75219,NARCOTICS/DRUGS,8
75219,OCCUPATIONAL ACCIDENT,1
75219,OTHER OFFENSES,54
75219,ROBBERY,110
75219,SUDDEN DEATH,48
75219,THEFT,1116
75219,TRAFFIC FATALITY,1
75219,WEAPONS,1
75225,ACCIDENTAL INJURY,11
75225,AGGRAVATED ASSAULT,4
75225,ARSON,4
75225,ASSAULT,28
75225,AUTO THEFT - UUMV,81
75225,BURGLARY,82
75225,CRIMINAL MISCHIEF/VANDALISM,110
75225,DISORDERLY CONDUCT,8
75225,DWI,9
75225,EMBEZZLEMENT,57
75225,FORGERY & COUNTERFEIT,15
75225,FOUND PROPERTY,64
75225,FRAUD,43
75225,HOME ACCIDENT,4
75225,LOST PROPERTY,24
75225,MOTOR VEHICLE ACCIDENT,167
75225,OTHER OFFENSES,26
75225,ROBBERY,18
75225,SUDDEN DEATH,29
75225,THEFT,889
75225,TRAFFIC FATALITY,1
75225,WEAPONS,1
75230,ACCIDENTAL INJURY,9
75230,AGGRAVATED ASSAULT,7
75230,ANIMAL BITE,1
75230,ASSAULT,35
75230,AUTO THEFT - UUMV,100
75230,BURGLARY,183
75230,CHILD (OFFENSES AGAINST),3
75230,CRIMINAL MISCHIEF/VANDALISM,229
75230,DISORDERLY CONDUCT,24
75230,DWI,7
75230,EMBEZZLEMENT,13
75230,FIREARMS ACCIDENT,2
75230,FORGERY & COUNTERFEIT,9
75230,FOUND PROPERTY,101
75230,FRAUD,17
75230,HOME ACCIDENT,10
75230,LOST PROPERTY,18
75230,MOTOR VEHICLE ACCIDENT,172
75230,MURDER,1
75230,NARCOTICS/DRUGS,3
75230,OCCUPATIONAL ACCIDENT,1
75230,OTHER OFFENSES,17
75230,ROBBERY,38
75230,SUDDEN DEATH,52
75230,THEFT,650
75230,TRAFFIC FATALITY,1
75230,WEAPONS,1
75238,ACCIDENTAL INJURY,31
75238,AGGRAVATED ASSAULT,39
75238,ANIMAL BITE,4
75238,ARSON,3
75238,ASSAULT,117
75238,AUTO THEFT - UUMV,315
75238,BURGLARY,395
75238,CHILD (OFFENSES AGAINST),3
75238,CRIMINAL MISCHIEF/VANDALISM,518
75238,DISORDERLY CONDUCT,49
75238,DWI,20
75238,EMBEZZLEMENT,14
75238,FIREARMS ACCIDENT,1
75238,FORGERY & COUNTERFEIT,30
75238,FOUND PROPERTY,377
75238,FRAUD,45
75238,HOME ACCIDENT,21
75238,LOST PROPERTY,50
75238,MOTOR VEHICLE ACCIDENT,300
75238,MURDER,2
75238,NARCOTICS/DRUGS,14
75238,OCCUPATIONAL ACCIDENT,2
75238,OTHER OFFENSES,44
75238,ROBBERY,188
75238,SUDDEN DEATH,51
75238,THEFT,970
75238,TRAFFIC FATALITY,7
75238,WEAPONS,1
75244,ACCIDENTAL INJURY,3
75244,AGGRAVATED ASSAULT,5
75244,ANIMAL BITE,2
75244,ARSON,1
75244,ASSAULT,15
75244,AUTO THEFT - UUMV,48
75244,BURGLARY,106
75244,CRIMINAL MISCHIEF/VANDALISM,79
75244,DISORDERLY CONDUCT,5
75244,DWI,3
75244,EMBEZZLEMENT,9
75244,FIREARMS ACCIDENT,1
75244,FORGERY & COUNTERFEIT,3
75244,FOUND PROPERTY,144
75244,FRAUD,5
75244,HOME ACCIDENT,5
75244,LOST PROPERTY,8
75244,MOTOR VEHICLE ACCIDENT,176
75244,NARCOTICS/DRUGS,1
75244,OTHER OFFENSES,6
75244,ROBBERY,16
75244,SUDDEN DEATH,14
75244,THEFT,299
75244,TRAFFIC FATALITY,2
75244,WEAPONS,1
75248,ACCIDENTAL INJURY,13
75248,AGGRAVATED ASSAULT,5
75248,ANIMAL BITE,6
75248,ARSON,1
75248,ASSAULT,44
75248,AUTO THEFT - UUMV,94
75248,BURGLARY,196
75248,CHILD (OFFENSES AGAINST),6
75248,CRIMINAL MISCHIEF/VANDALISM,269
75248,DISORDERLY CONDUCT,34
75248,DWI,14
75248,EMBEZZLEMENT,17
75248,FIREARMS ACCIDENT,1
75248,FORGERY & COUNTERFEIT,32
75248,FOUND PROPERTY,94
75248,FRAUD,30
75248,HOME ACCIDENT,22
75248,LOST PROPERTY,35
75248,MOTOR VEHICLE ACCIDENT,161
75248,NARCOTICS/DRUGS,4
75248,OCCUPATIONAL ACCIDENT,1
75248,OTHER OFFENSES,23
75248,ROBBERY,33
75248,SUDDEN DEATH,54
75248,THEFT,693
75248,TRAFFIC FATALITY,2
75248,WEAPONS,2
75249,AGGRAVATED ASSAULT,7
75249,ANIMAL BITE,5
75249,ARSON,3
75249,ASSAULT,28
75249,AUTO THEFT - UUMV,95
75249,BURGLARY,140
75249,CHILD (OFFENSES AGAINST),3
75249,CRIMINAL MISCHIEF/VANDALISM,163
75249,DISORDERLY CONDUCT,29
75249,DWI,1
75249,EMBEZZLEMENT,6
75249,FIREARMS ACCIDENT,1
75249,FORGERY & COUNTERFEIT,5
75249,FOUND PROPERTY,95
75249,FRAUD,2
75249,HOME ACCIDENT,8
75249,LOST PROPERTY,12
75249,MOTOR VEHICLE ACCIDENT,76
75249,NARCOTICS/DRUGS,2
75249,OTHER OFFENSES,9
75249,ROBBERY,13
75249,SUDDEN DEATH,11
75249,THEFT,329
75251,ACCIDENTAL INJURY,15
75251,AGGRAVATED ASSAULT,6
75251,ARSON,1
75251,ASSAULT,42
75251,AUTO THEFT - UUMV,89
75251,BURGLARY,72
75251,CRIMINAL MISCHIEF/VANDALISM,107
75251,DISORDERLY CONDUCT,10
75251,DWI,5
75251,EMBEZZLEMENT,9
75251,FIREARMS ACCIDENT,2
75251,FORGERY & COUNTERFEIT,7
75251,FOUND PROPERTY,111
75251,FRAUD,8
75251,HOME ACCIDENT,3
75251,LOST PROPERTY,13
75251,MOTOR VEHICLE ACCIDENT,128
75251,MURDER,1
75251,NARCOTICS/DRUGS,4
75251,OCCUPATIONAL ACCIDENT,1
75251,OTHER OFFENSES,28
75251,ROBBERY,16
75251,SUDDEN DEATH,8
75251,THEFT,280
75251,TRAFFIC FATALITY,2
75252,ACCIDENTAL INJURY,19
75252,AGGRAVATED ASSAULT,10
75252,ANIMAL BITE,1
75252,ARSON,1
75252,ASSAULT,52
75252,AUTO THEFT - UUMV,81
75252,BURGLARY,140
75252,CHILD (OFFENSES AGAINST),2
75252,CRIMINAL MISCHIEF/VANDALISM,240
75252,DISORDERLY CONDUCT,29
75252,DWI,11
75252,EMBEZZLEMENT,18
75252,FIREARMS ACCIDENT,1
75252,FORGERY & COUNTERFEIT,22
75252,FOUND PROPERTY,119
75252,FRAUD,31
75252,HOME ACCIDENT,16
75252,LOST PROPERTY,42
75252,MOTOR VEHICLE ACCIDENT,106
75252,NARCOTICS/DRUGS,1
75252,OCCUPATIONAL ACCIDENT,1
75252,OTHER OFFENSES,20
75252,ROBBERY,40
75252,SUDDEN DEATH,44
75252,THEFT,334
75252,TRAFFIC FATALITY,1
75252,WEAPONS,1
75254,ACCIDENTAL INJURY,9
75254,AGGRAVATED ASSAULT,14
75254,ANIMAL BITE,3
75254,ARSON,1
75254,ASSAULT,52
75254,AUTO THEFT - UUMV,158
75254,BURGLARY,295
75254,CHILD (OFFENSES AGAINST),1
75254,CRIMINAL MISCHIEF/VANDALISM,386
75254,DISORDERLY CONDUCT,26
75254,DWI,15
75254,EMBEZZLEMENT,17
75254,FIREARMS ACCIDENT,1
75254,FORGERY & COUNTERFEIT,24
75254,FOUND PROPERTY,103
75254,FRAUD,20
75254,HOME ACCIDENT,17
75254,INTOXICATION MANSLAUGHTER,1
75254,LIQUOR,1
75254,LOST PROPERTY,19
75254,MOTOR VEHICLE ACCIDENT,197
75254,MURDER,1
75254,NARCOTICS/DRUGS,8
75254,OTHER OFFENSES,24
75254,ROBBERY,51
75254,SUDDEN DEATH,40
75254,THEFT,627
75287,'FRAUD,1
75287,ACCIDENTAL INJURY,52
75287,AGGRAVATED ASSAULT,28
75287,ANIMAL BITE,16
75287,ARSON,7
75287,ASSAULT,128
75287,AUTO THEFT - UUMV,399
75287,BURGLARY,620
75287,CHILD (OFFENSES AGAINST),4
75287,CRIMINAL MISCHIEF/VANDALISM,773
75287,DISORDERLY CONDUCT,78
75287,DWI,14
75287,EMBEZZLEMENT,19
75287,FIREARMS ACCIDENT,4
75287,FORGERY & COUNTERFEIT,33
75287,FOUND PROPERTY,184
75287,FRAUD,39
75287,HOME ACCIDENT,44
75287,LOST PROPERTY,42
75287,MOTOR VEHICLE ACCIDENT,262
75287,MURDER,2
75287,NARCOTICS/DRUGS,16
75287,OCCUPATIONAL ACCIDENT,1
75287,OTHER OFFENSES,46
75287,ROBBERY,139
75287,SUDDEN DEATH,51
75287,THEFT,1007
75287,TRAFFIC FATALITY,1
75287,WEAPONS,4
76018,FOUND PROPERTY,1
,,
a.zip_code,a.ucr_offense_description,_c2
75006,BURGLARY,2
75006,FOUND PROPERTY,1
75006,OTHER OFFENSES,1
75006,THEFT,3
75040,ASSAULT,1
75040,BURGLARY,1
75040,CRIMINAL MISCHIEF/VANDALISM,1
75040,MOTOR VEHICLE ACCIDENT,1
75040,OTHER OFFENSES,1
75040,SUDDEN DEATH,1
75040,THEFT,7
75041,DWI,1
75042,ACCIDENTAL INJURY,1
75042,AUTO THEFT - UUMV,1
75042,BURGLARY,2
75042,CRIMINAL MISCHIEF/VANDALISM,3
75042,DWI,1
75042,FOUND PROPERTY,4
75042,MOTOR VEHICLE ACCIDENT,4
75042,NARCOTICS/DRUGS,2
75042,ROBBERY,2
75042,THEFT,2
75050,AGGRAVATED ASSAULT,1
75051,ASSAULT,6
75051,AUTO THEFT - UUMV,11
75051,BURGLARY,13
75051,CRIMINAL MISCHIEF/VANDALISM,20
75051,DISORDERLY CONDUCT,4
75051,FIREARMS ACCIDENT,1
75051,FOUND PROPERTY,6
75051,FRAUD,2
75051,HOME ACCIDENT,2
75051,OTHER OFFENSES,2
75051,SUDDEN DEATH,2
75051,THEFT,24
75060,MOTOR VEHICLE ACCIDENT,1
75060,ROBBERY,1
75060,THEFT,2
75062,AUTO THEFT - UUMV,1
75062,CRIMINAL MISCHIEF/VANDALISM,1
75062,THEFT,3
75074,FOUND PROPERTY,2
75074,LOST PROPERTY,1
75116,ACCIDENTAL INJURY,1
75116,AGGRAVATED ASSAULT,1
75116,ASSAULT,1
75116,AUTO THEFT - UUMV,8
75116,BURGLARY,14
75116,CRIMINAL MISCHIEF/VANDALISM,8
75116,DISORDERLY CONDUCT,2
75116,FOUND PROPERTY,3
75116,MURDER,1
75116,ROBBERY,1
75116,THEFT,16
75141,THEFT,1
75149,ACCIDENTAL INJURY,1
75149,ASSAULT,1
75149,AUTO THEFT - UUMV,1
75149,BURGLARY,1
75149,CRIMINAL MISCHIEF/VANDALISM,1
75149,FORGERY & COUNTERFEIT,1
75149,FOUND PROPERTY,2
75149,MOTOR VEHICLE ACCIDENT,3
75149,OTHER OFFENSES,1
75149,ROBBERY,1
75150,AGGRAVATED ASSAULT,1
75150,ASSAULT,1
75150,CRIMINAL MISCHIEF/VANDALISM,1
75150,DISORDERLY CONDUCT,1
75150,FOUND PROPERTY,4
75150,FRAUD,1
75150,LIQUOR,1
75150,NARCOTICS/DRUGS,1
75150,ROBBERY,1
75150,THEFT,1
75159,AUTO THEFT - UUMV,1
75159,CHILD (OFFENSES AGAINST),1
75159,FOUND PROPERTY,1
75159,MOTOR VEHICLE ACCIDENT,1
75159,THEFT,3
75180,FOUND PROPERTY,1
75180,MOTOR VEHICLE ACCIDENT,2
75180,OTHER OFFENSES,1
75203,ACCIDENTAL INJURY,63
75203,AGGRAVATED ASSAULT,75
75203,ANIMAL BITE,11
75203,ARSON,15
75203,ASSAULT,157
75203,AUTO THEFT - UUMV,249
75203,BURGLARY,384
75203,CHILD (OFFENSES AGAINST),2
75203,CRIMINAL MISCHIEF/VANDALISM,374
75203,DISORDERLY CONDUCT,35
75203,DWI,10
75203,EMBEZZLEMENT,6
75203,FIREARMS ACCIDENT,13
75203,FORGERY & COUNTERFEIT,8
75203,FOUND PROPERTY,410
75203,FRAUD,14
75203,HOME ACCIDENT,17
75203,LOST PROPERTY,35
75203,MOTOR VEHICLE ACCIDENT,236
75203,MURDER,1
75203,NARCOTICS/DRUGS,9
75203,OCCUPATIONAL ACCIDENT,1
75203,OTHER OFFENSES,113
75203,ROBBERY,175
75203,SUDDEN DEATH,39
75203,THEFT,637
75203,TRAFFIC FATALITY,1
75203,WEAPONS,2
75207,ACCIDENTAL INJURY,33
75207,AGGRAVATED ASSAULT,16
75207,ANIMAL BITE,1
75207,ARSON,2
75207,ASSAULT,79
75207,AUTO THEFT - UUMV,173
75207,BURGLARY,136
75207,CRIMINAL MISCHIEF/VANDALISM,205
75207,DISORDERLY CONDUCT,14
75207,DWI,20
75207,EMBEZZLEMENT,25
75207,FIREARMS ACCIDENT,1
75207,FORGERY & COUNTERFEIT,18
75207,FOUND PROPERTY,164
75207,FRAUD,34
75207,HOME ACCIDENT,4
75207,LOST PROPERTY,32
75207,MOTOR VEHICLE ACCIDENT,239
75207,MURDER,1
75207,NARCOTICS/DRUGS,4
75207,OTHER OFFENSES,35
75207,ROBBERY,38
75207,SUDDEN DEATH,9
75207,THEFT,699
75207,TRAFFIC FATALITY,2
75207,WEAPONS,1
75208,ACCIDENTAL INJURY,43
75208,AGGRAVATED ASSAULT,53
75208,ANIMAL BITE,18
75208,ARSON,9
75208,ASSAULT,157
75208,AUTO THEFT - UUMV,225
75208,BURGLARY,495
75208,CHILD (OFFENSES AGAINST),2
75208,CRIMINAL MISCHIEF/VANDALISM,481
75208,DISORDERLY CONDUCT,54
75208,DWI,37
75208,EMBEZZLEMENT,15
75208,FIREARMS ACCIDENT,1
75208,FORGERY & COUNTERFEIT,44
75208,FOUND PROPERTY,415
75208,FRAUD,28
75208,HOME ACCIDENT,34
75208,LIQUOR,4
75208,LOST PROPERTY,31
75208,MOTOR VEHICLE ACCIDENT,491
75208,MURDER,1
75208,NARCOTICS/DRUGS,11
75208,OCCUPATIONAL ACCIDENT,1
75208,OTHER OFFENSES,53
75208,ROBBERY,144
75208,SUDDEN DEATH,35
75208,THEFT,1097
75208,TRAFFIC FATALITY,4
75208,WEAPONS,5
75210,ACCIDENTAL INJURY,73
75210,AGGRAVATED ASSAULT,76
75210,ANIMAL BITE,16
75210,ARSON,15
75210,ASSAULT,163
75210,AUTO THEFT - UUMV,117
75210,BURGLARY,275
75210,CHILD (OFFENSES AGAINST),1
75210,CRIMINAL MISCHIEF/VANDALISM,261
75210,DISORDERLY CONDUCT,35
75210,DWI,12
75210,EMBEZZLEMENT,7
75210,FIREARMS ACCIDENT,7
75210,FORGERY & COUNTERFEIT,6
75210,FOUND PROPERTY,361
75210,FRAUD,11
75210,HOME ACCIDENT,33
75210,LIQUOR,3
75210,LOST PROPERTY,48
75210,MOTOR VEHICLE ACCIDENT,170
75210,MURDER,3
75210,NARCOTICS/DRUGS,23
75210,OCCUPATIONAL ACCIDENT,1
75210,OTHER OFFENSES,65
75210,ROBBERY,119
75210,SUDDEN DEATH,26
75210,THEFT,350
75210,TRAFFIC FATALITY,1
75210,WEAPONS,8
75211,ACCIDENTAL INJURY,75
75211,AGGRAVATED ASSAULT,95
75211,AIRPLANE,1
75211,ANIMAL BITE,35
75211,ARSON,19
75211,ASSAULT,250
75211,AUTO THEFT - UUMV,727
75211,BURGLARY,703
75211,CHILD (OFFENSES AGAINST),7
75211,CRIMINAL MISCHIEF/VANDALISM,1011
75211,DISORDERLY CONDUCT,110
75211,DWI,68
75211,EMBEZZLEMENT,42
75211,FIREARMS ACCIDENT,7
75211,FORGERY & COUNTERFEIT,42
75211,FOUND PROPERTY,743
75211,FRAUD,42
75211,HOME ACCIDENT,50
75211,LIQUOR,1
75211,LOST PROPERTY,95
75211,MOTOR VEHICLE ACCIDENT,760
75211,MURDER,2
75211,NARCOTICS/DRUGS,25
75211,OCCUPATIONAL ACCIDENT,4
75211,OTHER OFFENSES,170
75211,ROBBERY,269
75211,SUDDEN DEATH,103
75211,THEFT,2019
75211,TRAFFIC FATALITY,10
75211,WEAPONS,7
75212,ACCIDENTAL INJURY,31
75212,AGGRAVATED ASSAULT,71
75212,ANIMAL BITE,29
75212,ARSON,26
75212,ASSAULT,170
75212,AUTO THEFT - UUMV,262
75212,BURGLARY,285
75212,CHILD (OFFENSES AGAINST),7
75212,CRIMINAL MISCHIEF/VANDALISM,474
75212,DISORDERLY CONDUCT,59
75212,DWI,37
75212,EMBEZZLEMENT,14
75212,FIREARMS ACCIDENT,5
75212,FORGERY & COUNTERFEIT,8
75212,FOUND PROPERTY,580
75212,FRAUD,17
75212,HOME ACCIDENT,27
75212,LOST PROPERTY,26
75212,MOTOR VEHICLE ACCIDENT,414
75212,MURDER,4
75212,NARCOTICS/DRUGS,21
75212,OCCUPATIONAL ACCIDENT,3
75212,OTHER OFFENSES,110
75212,ROBBERY,109
75212,SUDDEN DEATH,51
75212,THEFT,685
75212,TRAFFIC FATALITY,5
75212,WEAPONS,6
75215,ACCIDENTAL INJURY,130
75215,AGGRAVATED ASSAULT,217
75215,ANIMAL BITE,20
75215,ARSON,32
75215,ASSAULT,366
75215,AUTO THEFT - UUMV,263
75215,BURGLARY,501
75215,CHILD (OFFENSES AGAINST),6
75215,CRIMINAL MISCHIEF/VANDALISM,588
75215,DISORDERLY CONDUCT,60
75215,DWI,28
75215,EMBEZZLEMENT,27
75215,FIREARMS ACCIDENT,7
75215,FORGERY & COUNTERFEIT,76
75215,FOUND PROPERTY,844
75215,FRAUD,339
75215,GAMBLING,4
75215,HOME ACCIDENT,50
75215,LOST PROPERTY,139
75215,MOTOR VEHICLE ACCIDENT,427
75215,MURDER,16
75215,NARCOTICS/DRUGS,36
75215,OCCUPATIONAL ACCIDENT,2
75215,OTHER OFFENSES,174
75215,ROBBERY,238
75215,SUDDEN DEATH,83
75215,THEFT,760
75215,TRAFFIC FATALITY,9
75215,WEAPONS,8
75216,ACCIDENTAL INJURY,140
75216,AGGRAVATED ASSAULT,259
75216,ANIMAL BITE,52
75216,ARSON,65
75216,ASSAULT,572
75216,AUTO THEFT - UUMV,642
75216,BURGLARY,1111
75216,CHILD (OFFENSES AGAINST),12
75216,CRIMINAL MISCHIEF/VANDALISM,1177
75216,DISORDERLY CONDUCT,125
75216,DWI,36
75216,EMBEZZLEMENT,23
75216,FIREARMS ACCIDENT,16
75216,FORGERY & COUNTERFEIT,54
75216,FOUND PROPERTY,1120
75216,FRAUD,66
75216,HOME ACCIDENT,71
75216,INTOXICATION MANSLAUGHTER,1
75216,LIQUOR,2
75216,LOST PROPERTY,79
75216,MOTOR VEHICLE ACCIDENT,678
75216,MURDER,19
75216,NARCOTICS/DRUGS,46
75216,OCCUPATIONAL ACCIDENT,6
75216,OTHER OFFENSES,317
75216,ROBBERY,403
75216,SUDDEN DEATH,147
75216,THEFT,1654
75216,TRAFFIC FATALITY,11
75216,WEAPONS,16
75217,ACCIDENTAL INJURY,156
75217,AGGRAVATED ASSAULT,221
75217,ANIMAL BITE,47
75217,ARSON,34
75217,ASSAULT,498
75217,AUTO THEFT - UUMV,880
75217,BURGLARY,1628
75217,CHILD (OFFENSES AGAINST),11
75217,CRIMINAL MISCHIEF/VANDALISM,1507
75217,DISORDERLY CONDUCT,182
75217,DWI,57
75217,EMBEZZLEMENT,32
75217,FIREARMS ACCIDENT,12
75217,FORGERY & COUNTERFEIT,75
75217,FOUND PROPERTY,1522
75217,FRAUD,41
75217,HOME ACCIDENT,115
75217,LIQUOR,3
75217,LOST PROPERTY,100
75217,MOTOR VEHICLE ACCIDENT,860
75217,MURDER,11
75217,NARCOTICS/DRUGS,48
75217,OCCUPATIONAL ACCIDENT,3
75217,OTHER OFFENSES,224
75217,ROBBERY,462
75217,SUDDEN DEATH,109
75217,THEFT,2111
75217,TRAFFIC FATALITY,7
75217,WEAPONS,17
75220,ACCIDENTAL INJURY,153
75220,AGGRAVATED ASSAULT,113
75220,ANIMAL BITE,10
75220,ARSON,10
75220,ASSAULT,272
75220,AUTO THEFT - UUMV,826
75220,BURGLARY,813
75220,CHILD (OFFENSES AGAINST),8
75220,CRIMINAL MISCHIEF/VANDALISM,1116
75220,DISORDERLY CONDUCT,80
75220,DWI,79
75220,EMBEZZLEMENT,51
75220,FIREARMS ACCIDENT,7
75220,FORGERY & COUNTERFEIT,46
75220,FOUND PROPERTY,774
75220,FRAUD,81
75220,HOME ACCIDENT,40
75220,INTOXICATION MANSLAUGHTER,1
75220,LIQUOR,2
75220,LOST PROPERTY,96
75220,MOTOR VEHICLE ACCIDENT,730
75220,MURDER,5
75220,NARCOTICS/DRUGS,45
75220,OCCUPATIONAL ACCIDENT,2
75220,OTHER OFFENSES,157
75220,ROBBERY,418
75220,SUDDEN DEATH,56
75220,THEFT,2095
75220,TRAFFIC FATALITY,8
75220,WEAPONS,8
75223,ACCIDENTAL INJURY,31
75223,AGGRAVATED ASSAULT,57
75223,ANIMAL BITE,16
75223,ARSON,9
75223,ASSAULT,77
75223,AUTO THEFT - UUMV,163
75223,BURGLARY,230
75223,CHILD (OFFENSES AGAINST),1
75223,CRIMINAL MISCHIEF/VANDALISM,214
75223,DISORDERLY CONDUCT,23
75223,DWI,20
75223,EMBEZZLEMENT,4
75223,FIREARMS ACCIDENT,3
75223,FORGERY & COUNTERFEIT,8
75223,FOUND PROPERTY,287
75223,FRAUD,7
75223,GAMBLING,2
75223,HOME ACCIDENT,13
75223,LIQUOR,3
75223,LOST PROPERTY,24
75223,MOTOR VEHICLE ACCIDENT,244
75223,MURDER,4
75223,NARCOTICS/DRUGS,16
75223,OTHER OFFENSES,39
75223,ROBBERY,111
75223,SUDDEN DEATH,22
75223,THEFT,456
75223,TRAFFIC FATALITY,1
75223,WEAPONS,2
75224,ACCIDENTAL INJURY,53
75224,AGGRAVATED ASSAULT,80
75224,ANIMAL BITE,13
75224,ARSON,7
75224,ASSAULT,221
75224,AUTO THEFT - UUMV,351
75224,BURGLARY,449
75224,CHILD (OFFENSES AGAINST),3
75224,CRIMINAL MISCHIEF/VANDALISM,622
75224,DISORDERLY CONDUCT,59
75224,DWI,25
75224,EMBEZZLEMENT,10
75224,FIREARMS ACCIDENT,4
75224,FORGERY & COUNTERFEIT,25
75224,FOUND PROPERTY,362
75224,FRAUD,43
75224,HOME ACCIDENT,33
75224,LOST PROPERTY,47
75224,MOTOR VEHICLE ACCIDENT,501
75224,MURDER,6
75224,NARCOTICS/DRUGS,23
75224,OTHER OFFENSES,97
75224,ROBBERY,245
75224,SUDDEN DEATH,43
75224,THEFT,1052
75224,TRAFFIC FATALITY,6
75224,WEAPONS,2
75226,ACCIDENTAL INJURY,57
75226,AGGRAVATED ASSAULT,47
75226,ANIMAL BITE,4
75226,ARSON,1
75226,ASSAULT,143
75226,AUTO THEFT - UUMV,112
75226,BURGLARY,100
75226,CHILD (OFFENSES AGAINST),2
75226,CRIMINAL MISCHIEF/VANDALISM,168
75226,DISORDERLY CONDUCT,30
75226,DWI,21
75226,EMBEZZLEMENT,7
75226,FIREARMS ACCIDENT,4
75226,FORGERY & COUNTERFEIT,10
75226,FOUND PROPERTY,278
75226,FRAUD,15
75226,HOME ACCIDENT,7
75226,LOST PROPERTY,65
75226,MOTOR VEHICLE ACCIDENT,171
75226,MURDER,1
75226,OCCUPATIONAL ACCIDENT,2
75226,OTHER OFFENSES,33
75226,ROBBERY,54
75226,SUDDEN DEATH,13
75226,THEFT,423
75226,TRAFFIC FATALITY,1
75226,WEAPONS,2
75227,ACCIDENTAL INJURY,68
75227,AGGRAVATED ASSAULT,123
75227,ANIMAL BITE,24
75227,ARSON,23
75227,ASSAULT,260
75227,AUTO THEFT - UUMV,527
75227,BURGLARY,1021
75227,CHILD (OFFENSES AGAINST),10
75227,CRIMINAL MISCHIEF/VANDALISM,1108
75227,DISORDERLY CONDUCT,72
75227,DWI,47
75227,EMBEZZLEMENT,27
75227,FIREARMS ACCIDENT,5
75227,FORGERY & COUNTERFEIT,32
75227,FOUND PROPERTY,863
75227,FRAUD,28
75227,HOME ACCIDENT,83
75227,INTOXICATION MANSLAUGHTER,1
75227,LIQUOR,4
75227,LOST PROPERTY,53
75227,MOTOR VEHICLE ACCIDENT,660
75227,MURDER,7
75227,NARCOTICS/DRUGS,33
75227,OCCUPATIONAL ACCIDENT,2
75227,OTHER OFFENSES,119
75227,ROBBERY,273
75227,SUDDEN DEATH,87
75227,THEFT,1526
75227,TRAFFIC FATALITY,9
75227,WEAPONS,12
75228,ACCIDENTAL INJURY,110
75228,AGGRAVATED ASSAULT,134
75228,ANIMAL BITE,19
75228,ARSON,24
75228,ASSAULT,357
75228,AUTO THEFT - UUMV,763
75228,BURGLARY,1318
75228,CHILD (OFFENSES AGAINST),5
75228,CRIMINAL MISCHIEF/VANDALISM,1378
75228,DISORDERLY CONDUCT,128
75228,DWI,26
75228,EMBEZZLEMENT,27
75228,FIREARMS ACCIDENT,14
75228,FORGERY & COUNTERFEIT,80
75228,FOUND PROPERTY,707
75228,FRAUD,64
75228,HOME ACCIDENT,76
75228,LIQUOR,10
75228,LOST PROPERTY,81
75228,MOTOR VEHICLE ACCIDENT,623
75228,MURDER,8
75228,NARCOTICS/DRUGS,41
75228,OCCUPATIONAL ACCIDENT,3
75228,OTHER OFFENSES,150
75228,ROBBERY,473
75228,SUDDEN DEATH,124
75228,THEFT,2014
75228,TRAFFIC FATALITY,5
75228,WEAPONS,10
75229,ACCIDENTAL INJURY,65
75229,AGGRAVATED ASSAULT,55
75229,ANIMAL BITE,7
75229,ARSON,12
75229,ASSAULT,163
75229,AUTO THEFT - UUMV,406
75229,BURGLARY,633
75229,CHILD (OFFENSES AGAINST),1
75229,CRIMINAL MISCHIEF/VANDALISM,469
75229,DISORDERLY CONDUCT,28
75229,DWI,19
75229,EMBEZZLEMENT,55
75229,FIREARMS ACCIDENT,3
75229,FORGERY & COUNTERFEIT,36
75229,FOUND PROPERTY,488
75229,FRAUD,54
75229,HOME ACCIDENT,14
75229,LOST PROPERTY,42
75229,MOTOR VEHICLE ACCIDENT,454
75229,MURDER,3
75229,NARCOTICS/DRUGS,15
75229,OCCUPATIONAL ACCIDENT,1
75229,OTHER OFFENSES,66
75229,ROBBERY,168
75229,SUDDEN DEATH,44
75229,THEFT,1416
75229,TRAFFIC FATALITY,4
75229,WEAPONS,3
75231,ACCIDENTAL INJURY,88
75231,AGGRAVATED ASSAULT,84
75231,ANIMAL BITE,10
75231,ARSON,4
75231,ASSAULT,264
75231,AUTO THEFT - UUMV,380
75231,BURGLARY,812
75231,CHILD (OFFENSES AGAINST),7
75231,CRIMINAL MISCHIEF/VANDALISM,1094
75231,DISORDERLY CONDUCT,57
75231,DWI,35
75231,EMBEZZLEMENT,56
75231,FIREARMS ACCIDENT,6
75231,FORGERY & COUNTERFEIT,64
75231,FOUND PROPERTY,315
75231,FRAUD,80
75231,HOME ACCIDENT,40
75231,LOST PROPERTY,55
75231,MOTOR VEHICLE ACCIDENT,468
75231,MURDER,6
75231,NARCOTICS/DRUGS,30
75231,OCCUPATIONAL ACCIDENT,6
75231,OTHER OFFENSES,149
75231,ROBBERY,309
75231,SUDDEN DEATH,65
75231,THEFT,1744
75231,TRAFFIC FATALITY,7
75231,WEAPONS,7
75232,ACCIDENTAL INJURY,37
75232,AGGRAVATED ASSAULT,68
75232,ANIMAL BITE,11
75232,ARSON,12
75232,ASSAULT,155
75232,AUTO THEFT - UUMV,319
75232,BURGLARY,393
75232,CHILD (OFFENSES AGAINST),1
75232,CRIMINAL MISCHIEF/VANDALISM,480
75232,DISORDERLY CONDUCT,48
75232,DWI,8
75232,EMBEZZLEMENT,19
75232,FIREARMS ACCIDENT,2
75232,FORGERY & COUNTERFEIT,23
75232,FOUND PROPERTY,363
75232,FRAUD,28
75232,HOME ACCIDENT,25
75232,INTOXICATION MANSLAUGHTER,1
75232,LOST PROPERTY,42
75232,MOTOR VEHICLE ACCIDENT,262
75232,MURDER,6
75232,NARCOTICS/DRUGS,16
75232,OCCUPATIONAL ACCIDENT,2
75232,OTHER OFFENSES,64
75232,ROBBERY,157
75232,SUDDEN DEATH,39
75232,THEFT,961
75232,TRAFFIC FATALITY,6
75232,WEAPONS,2
75233,ACCIDENTAL INJURY,13
75233,AGGRAVATED ASSAULT,26
75233,ANIMAL BITE,9
75233,ARSON,9
75233,ASSAULT,80
75233,AUTO THEFT - UUMV,155
75233,BURGLARY,250
75233,CHILD (OFFENSES AGAINST),2
75233,CRIMINAL MISCHIEF/VANDALISM,282
75233,DISORDERLY CONDUCT,27
75233,DWI,10
75233,EMBEZZLEMENT,5
75233,FIREARMS ACCIDENT,4
75233,FORGERY & COUNTERFEIT,10
75233,FOUND PROPERTY,143
75233,FRAUD,10
75233,HOME ACCIDENT,12
75233,LIQUOR,1
75233,LOST PROPERTY,8
75233,MOTOR VEHICLE ACCIDENT,154
75233,NARCOTICS/DRUGS,5
75233,OTHER OFFENSES,20
75233,ROBBERY,71
75233,SUDDEN DEATH,36
75233,THEFT,413
75233,TRAFFIC FATALITY,4
75233,WEAPONS,2
75234,ACCIDENTAL INJURY,7
75234,AGGRAVATED ASSAULT,5
75234,ANIMAL BITE,1
75234,ARSON,1
75234,ASSAULT,17
75234,AUTO THEFT - UUMV,40
75234,BURGLARY,69
75234,CRIMINAL MISCHIEF/VANDALISM,43
75234,DISORDERLY CONDUCT,3
75234,DWI,1
75234,EMBEZZLEMENT,3
75234,FORGERY & COUNTERFEIT,7
75234,FOUND PROPERTY,102
75234,FRAUD,6
75234,HOME ACCIDENT,2
75234,LOST PROPERTY,7
75234,MOTOR VEHICLE ACCIDENT,123
75234,NARCOTICS/DRUGS,2
75234,OTHER OFFENSES,9
75234,ROBBERY,19
75234,SUDDEN DEATH,8
75234,THEFT,152
75234,TRAFFIC FATALITY,1
75235,ACCIDENTAL INJURY,187
75235,AGGRAVATED ASSAULT,21
75235,ANIMAL BITE,9
75235,ARSON,2
75235,ASSAULT,134
75235,AUTO THEFT - UUMV,252
75235,BURGLARY,337
75235,CRIMINAL MISCHIEF/VANDALISM,370
75235,DISORDERLY CONDUCT,26
75235,DWI,21
75235,EMBEZZLEMENT,36
75235,FIREARMS ACCIDENT,9
75235,FORGERY & COUNTERFEIT,15
75235,FOUND PROPERTY,299
75235,FRAUD,91
75235,HOME ACCIDENT,25
75235,LIQUOR,2
75235,LOST PROPERTY,58
75235,MOTOR VEHICLE ACCIDENT,244
75235,MURDER,6
75235,NARCOTICS/DRUGS,8
75235,OCCUPATIONAL ACCIDENT,11
75235,OTHER OFFENSES,45
75235,ROBBERY,115
75235,SUDDEN DEATH,38
75235,THEFT,763
75235,TRAFFIC FATALITY,1
75235,WEAPONS,38
75236,ACCIDENTAL INJURY,9
75236,AGGRAVATED ASSAULT,36
75236,ANIMAL BITE,3
75236,ARSON,8
75236,ASSAULT,69
75236,AUTO THEFT - UUMV,203
75236,BURGLARY,243
75236,CHILD (OFFENSES AGAINST),6
75236,CRIMINAL MISCHIEF/VANDALISM,338
75236,DISORDERLY CONDUCT,35
75236,DWI,5
75236,EMBEZZLEMENT,8
75236,FIREARMS ACCIDENT,1
75236,FORGERY & COUNTERFEIT,3
75236,FOUND PROPERTY,177
75236,FRAUD,9
75236,HOME ACCIDENT,16
75236,LIQUOR,1
75236,LOST PROPERTY,13
75236,MOTOR VEHICLE ACCIDENT,115
75236,MURDER,3
75236,NARCOTICS/DRUGS,3
75236,OTHER OFFENSES,19
75236,ROBBERY,48
75236,SUDDEN DEATH,19
75236,THEFT,479
75236,TRAFFIC FATALITY,8
75236,WEAPONS,2
75237,ACCIDENTAL INJURY,55
75237,AGGRAVATED ASSAULT,78
75237,ANIMAL BITE,2
75237,ARSON,12
75237,ASSAULT,272
75237,AUTO THEFT - UUMV,377
75237,BURGLARY,627
75237,CHILD (OFFENSES AGAINST),2
75237,CRIMINAL MISCHIEF/VANDALISM,843
75237,DISORDERLY CONDUCT,80
75237,DWI,13
75237,EMBEZZLEMENT,31
75237,FIREARMS ACCIDENT,12
75237,FORGERY & COUNTERFEIT,76
75237,FOUND PROPERTY,336
75237,FRAUD,68
75237,HOME ACCIDENT,25
75237,LIQUOR,1
75237,LOST PROPERTY,87
75237,MOTOR VEHICLE ACCIDENT,307
75237,MURDER,7
75237,NARCOTICS/DRUGS,21
75237,OCCUPATIONAL ACCIDENT,3
75237,OTHER OFFENSES,131
75237,ROBBERY,194
75237,SUDDEN DEATH,22
75237,THEFT,1273
75237,TRAFFIC FATALITY,6
75237,WEAPONS,6
75240,'FRAUD,1
75240,ACCIDENTAL INJURY,45
75240,AGGRAVATED ASSAULT,36
75240,ANIMAL BITE,4
75240,ARSON,5
75240,ASSAULT,129
75240,AUTO THEFT - UUMV,254
75240,BURGLARY,348
75240,CHILD (OFFENSES AGAINST),2
75240,CRIMINAL MISCHIEF/VANDALISM,720
75240,DISORDERLY CONDUCT,36
75240,DWI,24
75240,EMBEZZLEMENT,54
75240,FORGERY & COUNTERFEIT,26
75240,FOUND PROPERTY,311
75240,FRAUD,40
75240,HOME ACCIDENT,20
75240,LOST PROPERTY,53
75240,MOTOR VEHICLE ACCIDENT,481
75240,MURDER,3
75240,NARCOTICS/DRUGS,21
75240,OTHER OFFENSES,61
75240,ROBBERY,124
75240,SUDDEN DEATH,33
75240,THEFT,1447
75240,TRAFFIC FATALITY,2
75240,WEAPONS,2
75241,ACCIDENTAL INJURY,41
75241,AGGRAVATED ASSAULT,115
75241,ANIMAL BITE,14
75241,ARSON,33
75241,ASSAULT,243
75241,AUTO THEFT - UUMV,406
75241,BURGLARY,603
75241,CHILD (OFFENSES AGAINST),7
75241,CRIMINAL MISCHIEF/VANDALISM,748
75241,DISORDERLY CONDUCT,102
75241,DWI,17
75241,EMBEZZLEMENT,27
75241,FIREARMS ACCIDENT,5
75241,FORGERY & COUNTERFEIT,22
75241,FOUND PROPERTY,633
75241,FRAUD,33
75241,HOME ACCIDENT,39
75241,LIQUOR,1
75241,LOST PROPERTY,83
75241,MOTOR VEHICLE ACCIDENT,356
75241,MURDER,9
75241,NARCOTICS/DRUGS,19
75241,OCCUPATIONAL ACCIDENT,3
75241,OTHER OFFENSES,195
75241,ROBBERY,156
75241,SUDDEN DEATH,80
75241,THEFT,1189
75241,TRAFFIC FATALITY,7
75241,WEAPONS,7
75243,ACCIDENTAL INJURY,118
75243,AGGRAVATED ASSAULT,128
75243,ANIMAL BITE,11
75243,ARSON,15
75243,ASSAULT,395
75243,AUTO THEFT - UUMV,601
75243,BURGLARY,1171
75243,CHILD (OFFENSES AGAINST),19
75243,CRIMINAL MISCHIEF/VANDALISM,1572
75243,DISORDERLY CONDUCT,120
75243,DWI,37
75243,EMBEZZLEMENT,59
75243,FIREARMS ACCIDENT,13
75243,FORGERY & COUNTERFEIT,97
75243,FOUND PROPERTY,701
75243,FRAUD,158
75243,HOME ACCIDENT,58
75243,LIQUOR,6
75243,LOST PROPERTY,90
75243,MOTOR VEHICLE ACCIDENT,974
75243,MURDER,14
75243,NARCOTICS/DRUGS,57
75243,OCCUPATIONAL ACCIDENT,4
75243,OTHER OFFENSES,243
75243,ROBBERY,413
75243,SUDDEN DEATH,85
75243,THEFT,2166
75243,TRAFFIC FATALITY,13
75243,WEAPONS,10
75246,ACCIDENTAL INJURY,15
75246,AGGRAVATED ASSAULT,17
75246,ANIMAL BITE,2
75246,ARSON,1
75246,ASSAULT,13
75246,AUTO THEFT - UUMV,27
75246,BURGLARY,34
75246,CRIMINAL MISCHIEF/VANDALISM,58
75246,DISORDERLY CONDUCT,9
75246,DWI,5
75246,EMBEZZLEMENT,2
75246,FIREARMS ACCIDENT,6
75246,FORGERY & COUNTERFEIT,6
75246,FOUND PROPERTY,40
75246,FRAUD,6
75246,HOME ACCIDENT,7
75246,LOST PROPERTY,11
75246,MOTOR VEHICLE ACCIDENT,51
75246,NARCOTICS/DRUGS,5
75246,OTHER OFFENSES,28
75246,ROBBERY,26
75246,SUDDEN DEATH,6
75246,THEFT,127
75247,ACCIDENTAL INJURY,46
75247,AGGRAVATED ASSAULT,38
75247,ANIMAL BITE,3
75247,ARSON,4
75247,ASSAULT,88
75247,AUTO THEFT - UUMV,279
75247,BURGLARY,184
75247,CHILD (OFFENSES AGAINST),1
75247,CRIMINAL MISCHIEF/VANDALISM,221
75247,DISORDERLY CONDUCT,31
75247,DWI,7
75247,EMBEZZLEMENT,23
75247,FIREARMS ACCIDENT,1
75247,FORGERY & COUNTERFEIT,24
75247,FOUND PROPERTY,247
75247,FRAUD,20
75247,HOME ACCIDENT,5
75247,LOST PROPERTY,22
75247,MOTOR VEHICLE ACCIDENT,201
75247,MURDER,1
75247,NARCOTICS/DRUGS,4
75247,OCCUPATIONAL ACCIDENT,5
75247,OTHER OFFENSES,48
75247,ROBBERY,85
75247,SUDDEN DEATH,15
75247,THEFT,752
75247,TRAFFIC FATALITY,2
75247,WEAPONS,1
75253,ACCIDENTAL INJURY,21
75253,AGGRAVATED ASSAULT,26
75253,ANIMAL BITE,20
75253,ARSON,13
75253,ASSAULT,58
75253,AUTO THEFT - UUMV,258
75253,BURGLARY,330
75253,CHILD (OFFENSES AGAINST),1
75253,CRIMINAL MISCHIEF/VANDALISM,308
75253,DISORDERLY CONDUCT,29
75253,DWI,4
75253,EMBEZZLEMENT,2
75253,FIREARMS ACCIDENT,4
75253,FORGERY & COUNTERFEIT,4
75253,FOUND PROPERTY,234
75253,FRAUD,8
75253,HOME ACCIDENT,24
75253,LOST PROPERTY,15
75253,MOTOR VEHICLE ACCIDENT,94
75253,MURDER,2
75253,NARCOTICS/DRUGS,5
75253,OCCUPATIONAL ACCIDENT,2
75253,OTHER OFFENSES,29
75253,ROBBERY,25
75253,SUDDEN DEATH,33
75253,THEFT,462
75253,TRAFFIC FATALITY,1
